id,language,text,patient_type,symptoms,duration_days,hydration_issue,danger_signs,notes,data_source,split
health_ie_0636,en,There is fever in my child. My child has a cough. This has been going on for about four days.,child,"[""cough"", ""fever""]",4,false,[],,synthetic_team_generated,train
health_ie_0544,en,The child feels hot and has a fever. This has been going on for one day.,child,"[""fever""]",1,false,[],,synthetic_team_generated,train
health_ie_0231,en,This has been going on for two days. There is difficulty breathing. I am having trouble breathing. I have a cough.,adult,"[""cough"", ""breathing_difficulty""]",2,false,"[""breathing_difficulty""]",,synthetic_team_generated,train
health_ie_0958,en,This has been going on for two days. I have a fever.,adult,"[""fever""]",2,false,[],,synthetic_team_generated,train
health_ie_0830,sw,Mimi ni mjamzito na nimechoka sana. Hali hii imeendelea kwa karibu siku tano.,pregnant,"[""fatigue""]",5,false,[],,synthetic_team_generated,train
health_ie_0473,en,My child keeps coughing. This has been going on for nearly five days.,child,"[""cough""]",5,false,[],,synthetic_team_generated,train
health_ie_0721,en,This has been going on today. I have some bleeding. There is bleeding.,adult,"[""bleeding""]",1,false,"[""bleeding""]",,synthetic_team_generated,train
health_ie_0850,sw,Hali hii imeendelea kwa karibu siku tano. Nimekuwa dhaifu.,adult,"[""weakness""]",5,false,[],,synthetic_team_generated,train
health_ie_0894,en,There is bleeding during my pregnancy. There is bleeding. This has been going on for one day.,pregnant,"[""bleeding""]",1,false,"[""bleeding""]",,synthetic_team_generated,train
health_ie_1018,en,This has been going on since today. The baby is moving less. The baby is moving less than usual.,pregnant,"[""reduced_fetal_movement""]",1,false,"[""reduced_fetal_movement""]",,synthetic_team_generated,train
health_ie_1155,sw,Mtoto wangu anakohoa. Hali hii imeendelea kwa siku tano.,child,"[""cough""]",5,false,[],,synthetic_team_generated,train
health_ie_1042,sw,Mimi ni mjamzito na ninatapika. Hali hii imeendelea kwa siku mbili. Amekuwa hanywi maji vizuri.,pregnant,"[""vomiting""]",2,true,[],,synthetic_team_generated,train
health_ie_0457,en,This has been going on for nearly five days. I feel very weak.,adult,"[""weakness""]",5,false,[],,synthetic_team_generated,train
health_ie_0367,sw,Hali hii imeendelea kwa siku moja. Mtoto wangu ana homa.,child,"[""fever""]",1,false,[],,synthetic_team_generated,train
health_ie_1067,en,They have not been drinking well. This has been going on for two days. I feel very weak. I keep throwing up.,adult,"[""vomiting"", ""weakness""]",2,true,[],,synthetic_team_generated,train
health_ie_1047,en,I am struggling to breathe. This has been going on since two days ago. There is difficulty breathing. I keep coughing.,adult,"[""cough"", ""breathing_difficulty""]",2,false,"[""breathing_difficulty""]",,synthetic_team_generated,train
health_ie_0912,en,I have been feeling feverish. I feel very weak. This has been going on for three days.,adult,"[""fever"", ""weakness""]",3,false,[],,synthetic_team_generated,train
health_ie_0763,en,This has been going on today. I am pregnant and I am bleeding. There is bleeding.,pregnant,"[""bleeding""]",1,false,"[""bleeding""]",,synthetic_team_generated,train
health_ie_0422,en,This has been going on since today. There is difficulty drinking. I have loose stools. I have been vomiting.,adult,"[""vomiting"", ""diarrhoea""]",1,true,[],,synthetic_team_generated,train
health_ie_0335,en,I am pregnant and the baby is moving less. This has been going on for one day. The baby is moving less.,pregnant,"[""reduced_fetal_movement""]",1,false,"[""reduced_fetal_movement""]",,synthetic_team_generated,train
health_ie_0827,en,There is difficulty drinking. I keep throwing up. This has been going on for one day. I have diarrhoea.,adult,"[""vomiting"", ""diarrhoea""]",1,true,[],,synthetic_team_generated,train
health_ie_0375,sw,Hali hii imeendelea leo. Mimi ni mjamzito na natokwa na damu. Ninatokwa na damu.,pregnant,"[""bleeding""]",1,false,"[""bleeding""]",,synthetic_team_generated,train
health_ie_0037,en,I have a headache while pregnant. This has been going on today. The headache is severe. I am pregnant and seeing blurry.,pregnant,"[""headache"", ""blurred_vision""]",1,false,"[""severe_headache""]",,synthetic_team_generated,train
health_ie_0266,en,My child has a fever. This has been going on since two days ago. had a seizure. There were convulsions.,child,"[""fever""]",2,false,"[""convulsions""]",had a seizure,synthetic_team_generated,train
health_ie_1091,en,This has been going on for the last three days. They are not drinking well. My child has been hot since yesterday. not drinking well.,child,"[""fever""]",3,true,[],not drinking well,synthetic_team_generated,train
health_ie_0810,en,There is bleeding during my pregnancy. This has been going on today. There is bleeding.,pregnant,"[""bleeding""]",1,false,"[""bleeding""]",,synthetic_team_generated,train
health_ie_0325,sw,Ninahisi uchovu na udhaifu. Hali hii imeendelea kwa siku tano.,adult,"[""weakness""]",5,false,[],,synthetic_team_generated,train
health_ie_0806,en,There is difficulty drinking. There is fever in my child. loose stools. This has been going on for two days. The child has loose stools.,child,"[""fever"", ""diarrhoea""]",2,true,[],loose stools,synthetic_team_generated,train
health_ie_0808,en,This has been going on for two days. I have a fever.,adult,"[""fever""]",2,false,[],,synthetic_team_generated,train
health_ie_0709,sw,Hali hii imeendelea kwa siku tano. Mtoto wangu ana kikohozi.,child,"[""cough""]",5,false,[],,synthetic_team_generated,train
health_ie_1158,en,This has been going on since two days ago. I have a fever.,adult,"[""fever""]",2,false,[],,synthetic_team_generated,train
health_ie_0779,en,This has been going on for one day. The child has been coughing. There is difficulty breathing. The child is struggling to breathe.,child,"[""breathing_difficulty"", ""cough""]",1,false,"[""breathing_difficulty""]",,synthetic_team_generated,train
health_ie_0630,sw,Mtoto wangu anapata shida ya kupumua. Mtoto wangu ana kikohozi. Hali hii imeendelea leo. Anapata shida ya kupumua.,child,"[""breathing_difficulty"", ""cough""]",1,false,"[""breathing_difficulty""]",,synthetic_team_generated,train
health_ie_0988,en,This has been going on today. There is bleeding. I am pregnant and have vaginal bleeding.,pregnant,"[""bleeding""]",1,false,"[""bleeding""]",,synthetic_team_generated,train
health_ie_0949,en,My little one has been feverish. There were convulsions. This has been going on since two days ago. had a seizure.,child,"[""fever""]",2,false,"[""convulsions""]",had a seizure,synthetic_team_generated,train
health_ie_0040,sw,Mtoto tumboni anacheza kidogo kuliko kawaida. Mtoto anacheza kidogo. Hali hii imeendelea leo.,pregnant,"[""reduced_fetal_movement""]",1,false,"[""reduced_fetal_movement""]",,synthetic_team_generated,train
health_ie_1061,en,This has been going on for one day. I have a headache.,adult,"[""headache""]",1,false,[],,synthetic_team_generated,train
health_ie_1168,en,This has been going on for about four days. The child feels hot and has a fever. The child has been coughing.,child,"[""cough"", ""fever""]",4,false,[],,synthetic_team_generated,train
health_ie_0581,sw,Nimekuwa dhaifu. Hali hii imeendelea kwa karibu siku tano.,adult,"[""weakness""]",5,false,[],,synthetic_team_generated,train
health_ie_0935,sw,Maumivu ya kichwa ni makali. Hali hii imeendelea leo. Mimi ni mjamzito na nina maumivu ya kichwa. Macho yangu yanaona ukungu wakati wa ujauzito.,pregnant,"[""headache"", ""blurred_vision""]",1,false,"[""severe_headache""]",,synthetic_team_generated,train
health_ie_0574,sw,Hawezi kunywa vizuri. Mtoto wangu ana homa. vomiting repeatedly. Ana shida ya kunywa. Mtoto wangu amekuwa akitapika. Hali hii imeendelea tangu siku mbili zilizopita.,child,"[""fever"", ""vomiting""]",2,true,"[""cannot_drink""]",vomiting repeatedly,synthetic_team_generated,train
health_ie_1003,en,This has been going on for five days. The child has been coughing.,child,"[""cough""]",5,false,[],,synthetic_team_generated,train
health_ie_1150,en,I have been coughing. There is difficulty breathing. I am struggling to breathe. This has been going on since two days ago.,adult,"[""cough"", ""breathing_difficulty""]",2,false,"[""breathing_difficulty""]",,synthetic_team_generated,train
health_ie_0957,en,There is difficulty drinking. My child has diarrhoea. This has been going on today. loose stools.,child,"[""diarrhoea""]",1,true,[],loose stools,synthetic_team_generated,train
health_ie_0722,en,I have been feeling feverish. This has been going on for two days.,adult,"[""fever""]",2,false,[],,synthetic_team_generated,train
health_ie_0361,en,very sleepy. There is fever in my child. This has been going on for three days. The child is unusually tired and weak.,child,"[""fever"", ""weakness""]",3,false,[],very sleepy,synthetic_team_generated,train
health_ie_0598,sw,Hali hii imeendelea kwa siku moja. Ninatokwa na damu. Ninatokwa na damu.,adult,"[""bleeding""]",1,false,"[""bleeding""]",,synthetic_team_generated,train
health_ie_0069,en,This has been going on for one day. My head hurts. My vision is blurred. My vision is blurred.,adult,"[""headache"", ""blurred_vision""]",1,false,"[""blurred_vision""]",,synthetic_team_generated,train
health_ie_0685,sw,Hali hii imeendelea tangu siku tatu zilizopita. Mtoto wangu ni dhaifu sana. Mtoto wangu ana homa. very sleepy.,child,"[""fever"", ""weakness""]",3,false,[],very sleepy,synthetic_team_generated,train
health_ie_0654,en,I am pregnant and have been vomiting. This has been going on since two days ago. They are not drinking well.,pregnant,"[""vomiting""]",2,true,[],,synthetic_team_generated,train
health_ie_0997,en,This has been going on for nearly five days. I feel very weak.,adult,"[""weakness""]",5,false,[],,synthetic_team_generated,train
health_ie_0867,sw,Mtoto ana joto na ana homa. very sleepy. Hali hii imeendelea tangu siku tatu zilizopita. Mtoto wangu ni dhaifu sana.,child,"[""fever"", ""weakness""]",3,false,[],very sleepy,synthetic_team_generated,train
health_ie_0431,sw,Hali hii imeendelea leo. Mtoto ana choo cha maji. loose stools. Hanywi vizuri.,child,"[""diarrhoea""]",1,true,[],loose stools,synthetic_team_generated,train
health_ie_0232,en,My child has a fever. This has been going on for the last three days. There is difficulty drinking. not drinking well.,child,"[""fever""]",3,true,[],not drinking well,synthetic_team_generated,train
health_ie_0895,sw,Amekuwa hanywi maji vizuri. Ninahisi uchovu na udhaifu. Hali hii imeendelea kwa siku mbili. Ninachafuka na kutapika.,adult,"[""vomiting"", ""weakness""]",2,true,[],,synthetic_team_generated,train
health_ie_0301,en,This has been going on today. The baby is moving less. The baby is moving less than usual.,pregnant,"[""reduced_fetal_movement""]",1,false,"[""reduced_fetal_movement""]",,synthetic_team_generated,train
health_ie_0448,en,My child is having trouble breathing. There is difficulty breathing. My child has a cough. This has been going on for one day.,child,"[""breathing_difficulty"", ""cough""]",1,false,"[""breathing_difficulty""]",,synthetic_team_generated,train
health_ie_0399,sw,Mtoto ana joto na ana homa. Hanywi vizuri. not drinking well. Hali hii imeendelea kwa siku tatu.,child,"[""fever""]",3,true,[],not drinking well,synthetic_team_generated,train
health_ie_0765,en,This has been going on since two days ago. The child feels hot and has a fever. My child has diarrhoea. loose stools. They are not drinking well.,child,"[""fever"", ""diarrhoea""]",2,true,[],loose stools,synthetic_team_generated,train
health_ie_0858,en,The child keeps throwing up. They cannot drink. They are not drinking well. vomiting repeatedly. My little one has been feverish. This has been going on since two days ago.,child,"[""fever"", ""vomiting""]",2,true,"[""cannot_drink""]",vomiting repeatedly,synthetic_team_generated,train
health_ie_0235,en,The abdominal pain is severe. This has been going on for one day. I have belly pain during pregnancy.,pregnant,"[""abdominal_pain""]",1,false,"[""severe_abdominal_pain""]",,synthetic_team_generated,train
health_ie_0221,sw,Mtoto wangu ana homa. Hali hii imeendelea kwa siku moja.,child,"[""fever""]",1,false,[],,synthetic_team_generated,train
health_ie_0008,en,I have a fever during pregnancy. There is fever. This has been going on since two days ago. I am pregnant and have stomach pain.,pregnant,"[""fever"", ""abdominal_pain""]",2,false,"[""fever""]",,synthetic_team_generated,train
health_ie_1022,en,I am pregnant and seeing blurry. This has been going on today. The headache is severe. I have a headache while pregnant.,pregnant,"[""headache"", ""blurred_vision""]",1,false,"[""severe_headache""]",,synthetic_team_generated,train
health_ie_0101,sw,Mtoto wangu ana kikohozi. Hali hii imeendelea tangu leo. Mtoto wangu anapata shida ya kupumua. Anapata shida ya kupumua.,child,"[""breathing_difficulty"", ""cough""]",1,false,"[""breathing_difficulty""]",,synthetic_team_generated,train
health_ie_0242,en,There is fever in my child. This has been going on for one day.,child,"[""fever""]",1,false,[],,synthetic_team_generated,train
health_ie_1183,en,This has been going on for the last three days. I feel hot and have a fever. I feel tired and weak.,adult,"[""fever"", ""weakness""]",3,false,[],,synthetic_team_generated,train
health_ie_0049,en,This has been going on since today. I have a headache.,adult,"[""headache""]",1,false,[],,synthetic_team_generated,train
health_ie_1040,sw,Macho yangu hayaoni vizuri naona ukungu. Hali hii imeendelea kwa siku moja. Naona ukungu. Kichwa changu kinauma.,adult,"[""headache"", ""blurred_vision""]",1,false,"[""blurred_vision""]",,synthetic_team_generated,train
health_ie_0051,sw,Mtoto ana joto na ana homa. Hali hii imeendelea kwa takriban siku nne. Mtoto amekuwa akikohoa.,child,"[""cough"", ""fever""]",4,false,[],,synthetic_team_generated,train
health_ie_0041,en,This has been going on for about four days. My child has been having diarrhoea. They cannot drink. They have not been drinking well. very weak.,child,"[""diarrhoea""]",4,true,"[""cannot_drink""]",very weak,synthetic_team_generated,train
health_ie_0016,en,I feel hot and have a fever. I keep coughing. This has been going on for about four days.,adult,"[""fever"", ""cough""]",4,false,[],,synthetic_team_generated,train
health_ie_0682,sw,Amekuwa hanywi maji vizuri. Hali hii imeendelea tangu siku mbili zilizopita. loose stools. Mtoto wangu amekuwa akiharisha. Mtoto wangu ana homa.,child,"[""fever"", ""diarrhoea""]",2,true,[],loose stools,synthetic_team_generated,train
health_ie_1173,sw,Hali hii imeendelea leo. Nina maumivu ya kichwa.,adult,"[""headache""]",1,false,[],,synthetic_team_generated,train
health_ie_1182,en,I am pregnant and seeing blurry. This has been going on since today. The headache is severe. I have a headache while pregnant.,pregnant,"[""headache"", ""blurred_vision""]",1,false,"[""severe_headache""]",,synthetic_team_generated,train
health_ie_1024,sw,Ninaumwa kichwa wakati wa ujauzito. Hali hii imeendelea tangu leo. Macho yangu yanaona ukungu wakati wa ujauzito. Maumivu ya kichwa ni makali.,pregnant,"[""headache"", ""blurred_vision""]",1,false,"[""severe_headache""]",,synthetic_team_generated,train
health_ie_1196,en,This has been going on for two days. There is difficulty breathing. I have been coughing. I find it hard to breathe.,adult,"[""cough"", ""breathing_difficulty""]",2,false,"[""breathing_difficulty""]",,synthetic_team_generated,train
health_ie_0472,en,This has been going on today. The headache is severe. I am pregnant and seeing blurry. I am pregnant and have a headache.,pregnant,"[""headache"", ""blurred_vision""]",1,false,"[""severe_headache""]",,synthetic_team_generated,train
health_ie_0255,en,I am pregnant and have been vomiting. This has been going on for two days. They have not been drinking well.,pregnant,"[""vomiting""]",2,true,[],,synthetic_team_generated,train
health_ie_0143,en,I am pregnant and have a fever. This has been going on since two days ago. There is fever. I have belly pain during pregnancy.,pregnant,"[""fever"", ""abdominal_pain""]",2,false,"[""fever""]",,synthetic_team_generated,train
health_ie_0538,en,I have some bleeding. There is bleeding. This has been going on for one day.,adult,"[""bleeding""]",1,false,"[""bleeding""]",,synthetic_team_generated,train
health_ie_0268,en,They cannot drink. This has been going on since two days ago. vomiting repeatedly. They have not been drinking well. There is fever in my child. My child has been sick and vomiting.,child,"[""fever"", ""vomiting""]",2,true,"[""cannot_drink""]",vomiting repeatedly,synthetic_team_generated,train
health_ie_0833,sw,Hali hii imeendelea tangu siku tatu zilizopita. Nina homa. Nimekuwa dhaifu.,adult,"[""fever"", ""weakness""]",3,false,[],,synthetic_team_generated,train
health_ie_1015,en,My little one has been feverish. This has been going on for one day.,child,"[""fever""]",1,false,[],,synthetic_team_generated,train
health_ie_0597,en,This has been going on for one day. I have some bleeding. There is bleeding.,adult,"[""bleeding""]",1,false,"[""bleeding""]",,synthetic_team_generated,train
health_ie_0360,en,I have been unusually weak. I have been feeling feverish. This has been going on for the last three days.,adult,"[""fever"", ""weakness""]",3,false,[],,synthetic_team_generated,train
health_ie_0930,en,This has been going on since today. I am pregnant and the baby is moving less. The baby is moving less.,pregnant,"[""reduced_fetal_movement""]",1,false,"[""reduced_fetal_movement""]",,synthetic_team_generated,train
health_ie_0542,sw,Nina maumivu ya tumbo wakati wa ujauzito. Nina homa wakati wa ujauzito. Ana homa. Hali hii imeendelea kwa siku mbili.,pregnant,"[""fever"", ""abdominal_pain""]",2,false,"[""fever""]",,synthetic_team_generated,train
health_ie_1175,en,This has been going on for the last three days. I have abdominal pain.,adult,"[""abdominal_pain""]",3,false,[],,synthetic_team_generated,train
health_ie_0758,en,I am pregnant and feel very tired. This has been going on for nearly five days.,pregnant,"[""fatigue""]",5,false,[],,synthetic_team_generated,train
health_ie_1138,en,They have not been drinking well. loose stools. This has been going on since two days ago. My little one has been feverish. My child has diarrhoea.,child,"[""fever"", ""diarrhoea""]",2,true,[],loose stools,synthetic_team_generated,train
health_ie_0637,sw,Anapata shida ya kupumua. Mtoto wangu anahangaika kupumua. Mtoto wangu anakohoa. Hali hii imeendelea kwa siku moja.,child,"[""breathing_difficulty"", ""cough""]",1,false,"[""breathing_difficulty""]",,synthetic_team_generated,train
health_ie_1000,en,I keep throwing up. They are not drinking well. This has been going on since today. I have been having diarrhoea.,adult,"[""vomiting"", ""diarrhoea""]",1,true,[],,synthetic_team_generated,train
health_ie_0565,en,loose stools. They are not drinking well. This has been going on since today. My child has been having diarrhoea.,child,"[""diarrhoea""]",1,true,[],loose stools,synthetic_team_generated,train
health_ie_0702,en,This has been going on for two days. They are not drinking well. loose stools. My child has diarrhoea. My child has a fever.,child,"[""fever"", ""diarrhoea""]",2,true,[],loose stools,synthetic_team_generated,train
health_ie_0304,sw,Nina maumivu ya kichwa. Hali hii imeendelea kwa siku moja.,adult,"[""headache""]",1,false,[],,synthetic_team_generated,train
health_ie_0396,en,very sleepy. My child is very sleepy and weak. My child has a fever. This has been going on for the last three days.,child,"[""fever"", ""weakness""]",3,false,[],very sleepy,synthetic_team_generated,train
health_ie_0378,en,They have not been drinking well. very weak. This has been going on for the last three days. There is fever in my child. My child seems very weak. My child has been sick and vomiting. They cannot drink.,child,"[""fever"", ""vomiting"", ""weakness""]",3,true,"[""cannot_drink""]",very weak,synthetic_team_generated,train
health_ie_0526,en,I find it hard to breathe. There is difficulty breathing. This has been going on since two days ago. I have a cough.,adult,"[""cough"", ""breathing_difficulty""]",2,false,"[""breathing_difficulty""]",,synthetic_team_generated,train
health_ie_0181,en,I have a headache. This has been going on for one day.,adult,"[""headache""]",1,false,[],,synthetic_team_generated,train
health_ie_0807,sw,Nimekuwa mchovu sana wakati wa ujauzito. Hali hii imeendelea kwa karibu siku tano.,pregnant,"[""fatigue""]",5,false,[],,synthetic_team_generated,train
health_ie_0366,en,loose stools. My little one has been feverish. My child has diarrhoea. This has been going on for two days. They have not been drinking well.,child,"[""fever"", ""diarrhoea""]",2,true,[],loose stools,synthetic_team_generated,train
health_ie_0507,en,I am pregnant and the baby is moving less. This has been going on for one day. The baby is moving less.,pregnant,"[""reduced_fetal_movement""]",1,false,"[""reduced_fetal_movement""]",,synthetic_team_generated,train
health_ie_0276,sw,Mimi ni mjamzito na ninaona ukungu. Maumivu ya kichwa ni makali. Hali hii imeendelea kwa siku moja. Mimi ni mjamzito na nina maumivu ya kichwa.,pregnant,"[""headache"", ""blurred_vision""]",1,false,"[""severe_headache""]",,synthetic_team_generated,train
health_ie_0655,en,I have stomach pain. This has been going on for three days.,adult,"[""abdominal_pain""]",3,false,[],,synthetic_team_generated,train
health_ie_0531,en,The child has been coughing. This has been going on for five days.,child,"[""cough""]",5,false,[],,synthetic_team_generated,train
health_ie_0505,en,The water may have broken early. I think my water is leaking during pregnancy. This has been going on since today.,pregnant,"[""fluid_loss""]",1,false,"[""water_breaking_early""]",,synthetic_team_generated,train
health_ie_0793,sw,Mtoto anapumua kwa shida. Anapata shida ya kupumua. Hali hii imeendelea leo. Mtoto wangu anakohoa.,child,"[""breathing_difficulty"", ""cough""]",1,false,"[""breathing_difficulty""]",,synthetic_team_generated,train
health_ie_1077,en,I keep throwing up. They have not been drinking well. This has been going on since today. I have diarrhoea.,adult,"[""vomiting"", ""diarrhoea""]",1,true,[],,synthetic_team_generated,train
health_ie_0524,en,There is fever in my child. The child had a seizure. had a seizure. This has been going on since two days ago.,child,"[""fever""]",2,false,"[""convulsions""]",had a seizure,synthetic_team_generated,train
health_ie_0834,en,I feel hot and have a fever. I have a cough. This has been going on for four days.,adult,"[""fever"", ""cough""]",4,false,[],,synthetic_team_generated,train
health_ie_0440,sw,Hali hii imeendelea tangu siku tatu zilizopita. Nina maumivu ya tumbo.,adult,"[""abdominal_pain""]",3,false,[],,synthetic_team_generated,train
health_ie_0869,en,This has been going on today. My head hurts.,adult,"[""headache""]",1,false,[],,synthetic_team_generated,train
health_ie_0429,en,I think my water is leaking during pregnancy. This has been going on today. The water may have broken early.,pregnant,"[""fluid_loss""]",1,false,"[""water_breaking_early""]",,synthetic_team_generated,train
health_ie_0889,en,There is difficulty drinking. My child has been hot since yesterday. This has been going on for three days. not drinking well.,child,"[""fever""]",3,true,[],not drinking well,synthetic_team_generated,train
health_ie_0897,en,This has been going on for two days. There is fever. I have a fever during pregnancy. I have belly pain during pregnancy.,pregnant,"[""fever"", ""abdominal_pain""]",2,false,"[""fever""]",,synthetic_team_generated,train
health_ie_1120,en,This has been going on since today. I think my water is leaking during pregnancy. The water may have broken early.,pregnant,"[""fluid_loss""]",1,false,"[""water_breaking_early""]",,synthetic_team_generated,train
health_ie_0729,en,The headache is severe. I am pregnant and seeing blurry. I am pregnant and have a headache. This has been going on since today.,pregnant,"[""headache"", ""blurred_vision""]",1,false,"[""severe_headache""]",,synthetic_team_generated,train
health_ie_0481,en,This has been going on for one day. My head hurts. I am seeing blurry. My vision is blurred.,adult,"[""headache"", ""blurred_vision""]",1,false,"[""blurred_vision""]",,synthetic_team_generated,train
health_ie_0116,sw,Mimi ni mjamzito na ninatapika. Hali hii imeendelea tangu siku mbili zilizopita. Amekuwa hanywi maji vizuri.,pregnant,"[""vomiting""]",2,true,[],,synthetic_team_generated,train
health_ie_0015,en,This has been going on for one day. There is bleeding during my pregnancy. There is bleeding.,pregnant,"[""bleeding""]",1,false,"[""bleeding""]",,synthetic_team_generated,train
health_ie_0052,en,There is fever in my child. This has been going on since today.,child,"[""fever""]",1,false,[],,synthetic_team_generated,train
health_ie_0978,sw,Hali hii imeendelea tangu leo. Ninatokwa na damu. Mimi ni mjamzito na ninatokwa damu.,pregnant,"[""bleeding""]",1,false,"[""bleeding""]",,synthetic_team_generated,train
health_ie_0798,sw,Mtoto alipata degedege. had a seizure. Mtoto wangu ana homa. Hali hii imeendelea kwa siku mbili.,child,"[""fever""]",2,false,"[""convulsions""]",had a seizure,synthetic_team_generated,train
health_ie_0285,sw,loose stools. Hanywi vizuri. Mtoto wangu amekuwa akiharisha. Hali hii imeendelea kwa siku moja.,child,"[""diarrhoea""]",1,true,[],loose stools,synthetic_team_generated,train
health_ie_0768,sw,loose stools. Hali hii imeendelea leo. Hanywi vizuri. Mtoto ana choo cha maji.,child,"[""diarrhoea""]",1,true,[],loose stools,synthetic_team_generated,train
health_ie_0658,sw,Mimi ni mjamzito na natokwa na damu. Ninatokwa na damu. Hali hii imeendelea leo.,pregnant,"[""bleeding""]",1,false,"[""bleeding""]",,synthetic_team_generated,train
health_ie_0374,sw,Mimi ni mjamzito na ninatokwa damu. Hali hii imeendelea leo. Ninatokwa na damu.,pregnant,"[""bleeding""]",1,false,"[""bleeding""]",,synthetic_team_generated,train
health_ie_0707,en,The child keeps throwing up. This has been going on for three days. very weak. My child is very sleepy and weak. They are unable to drink. There is fever in my child. They have not been drinking well.,child,"[""fever"", ""vomiting"", ""weakness""]",3,true,"[""cannot_drink""]",very weak,synthetic_team_generated,train
health_ie_0353,en,This has been going on for nearly five days. I have been very tired during pregnancy.,pregnant,"[""fatigue""]",5,false,[],,synthetic_team_generated,train
health_ie_0025,en,My little one has been feverish. There is difficulty drinking. This has been going on for two days. vomiting repeatedly. They are unable to drink. My child is vomiting.,child,"[""fever"", ""vomiting""]",2,true,"[""cannot_drink""]",vomiting repeatedly,synthetic_team_generated,train
health_ie_0213,en,They have not been drinking well. very weak. This has been going on for four days. They are unable to drink. My child has been having diarrhoea.,child,"[""diarrhoea""]",4,true,"[""cannot_drink""]",very weak,synthetic_team_generated,train
health_ie_0319,en,My belly hurts. This has been going on for three days.,adult,"[""abdominal_pain""]",3,false,[],,synthetic_team_generated,train
health_ie_0675,sw,Nina maumivu ya kichwa. Hali hii imeendelea leo.,adult,"[""headache""]",1,false,[],,synthetic_team_generated,train
health_ie_0047,sw,not drinking well. Mtoto wangu ana homa. Hanywi vizuri. Hali hii imeendelea tangu siku tatu zilizopita.,child,"[""fever""]",3,true,[],not drinking well,synthetic_team_generated,train
health_ie_0582,sw,Macho yangu yanaona ukungu wakati wa ujauzito. Maumivu ya kichwa ni makali. Hali hii imeendelea kwa siku moja. Ninaumwa kichwa wakati wa ujauzito.,pregnant,"[""headache"", ""blurred_vision""]",1,false,"[""severe_headache""]",,synthetic_team_generated,train
health_ie_0756,sw,Nimekuwa nikitapika. Hali hii imeendelea kwa siku moja. Hanywi vizuri. Nimekuwa nikiharisha.,adult,"[""vomiting"", ""diarrhoea""]",1,true,[],,synthetic_team_generated,train
health_ie_0936,en,I am pregnant and have a headache. This has been going on today. My vision is blurred while I am pregnant. The headache is severe.,pregnant,"[""headache"", ""blurred_vision""]",1,false,"[""severe_headache""]",,synthetic_team_generated,train
health_ie_0967,en,There is difficulty drinking. My child has been hot since yesterday. My child is vomiting. very weak. They cannot drink. My child is very sleepy and weak. This has been going on for the last three days.,child,"[""fever"", ""vomiting"", ""weakness""]",3,true,"[""cannot_drink""]",very weak,synthetic_team_generated,train
health_ie_0922,en,My child has been having diarrhoea. They are not drinking well. loose stools. This has been going on today.,child,"[""diarrhoea""]",1,true,[],loose stools,synthetic_team_generated,train
health_ie_0084,en,I feel tired and weak. They are not drinking well. I am vomiting. This has been going on for two days.,adult,"[""vomiting"", ""weakness""]",2,true,[],,synthetic_team_generated,train
health_ie_0117,sw,Ninahisi uchovu na udhaifu. Hali hii imeendelea kwa karibu siku tano.,adult,"[""weakness""]",5,false,[],,synthetic_team_generated,train
health_ie_0317,en,I have been feeling feverish. I feel tired and weak. This has been going on for the last three days.,adult,"[""fever"", ""weakness""]",3,false,[],,synthetic_team_generated,train
health_ie_0736,en,vomiting repeatedly. My little one has been feverish. They cannot drink. My child has been sick and vomiting. They are not drinking well. This has been going on since two days ago.,child,"[""fever"", ""vomiting""]",2,true,"[""cannot_drink""]",vomiting repeatedly,synthetic_team_generated,train
health_ie_0573,en,My little one has been feverish. vomiting repeatedly. This has been going on for two days. They are not drinking well. My child has been sick and vomiting. They cannot drink.,child,"[""fever"", ""vomiting""]",2,true,"[""cannot_drink""]",vomiting repeatedly,synthetic_team_generated,train
health_ie_0124,en,This has been going on today. The water may have broken early. I am pregnant and my water may have broken early.,pregnant,"[""fluid_loss""]",1,false,"[""water_breaking_early""]",,synthetic_team_generated,train
health_ie_0613,sw,Hali hii imeendelea tangu siku tatu zilizopita. Nimekuwa na homa. Ninahisi uchovu na udhaifu.,adult,"[""fever"", ""weakness""]",3,false,[],,synthetic_team_generated,train
health_ie_0529,sw,Hali hii imeendelea kwa siku nne. Ninahisi joto na nina homa. Nimekuwa nikikohoa.,adult,"[""fever"", ""cough""]",4,false,[],,synthetic_team_generated,train
health_ie_0191,en,This has been going on today. I think my water is leaking during pregnancy. The water may have broken early.,pregnant,"[""fluid_loss""]",1,false,"[""water_breaking_early""]",,synthetic_team_generated,train
health_ie_0257,en,I am vomiting. I feel tired and weak. There is difficulty drinking. This has been going on for two days.,adult,"[""vomiting"", ""weakness""]",2,true,[],,synthetic_team_generated,train
health_ie_0541,en,They have not been drinking well. This has been going on for four days. The child has loose stools. very weak. They cannot drink.,child,"[""diarrhoea""]",4,true,"[""cannot_drink""]",very weak,synthetic_team_generated,train
health_ie_0100,en,My child has diarrhoea. They are not drinking well. loose stools. My little one has been feverish. This has been going on since two days ago.,child,"[""fever"", ""diarrhoea""]",2,true,[],loose stools,synthetic_team_generated,train
health_ie_0145,en,My child has a fever. This has been going on for one day.,child,"[""fever""]",1,false,[],,synthetic_team_generated,train
health_ie_0628,sw,Hali hii imeendelea leo. Ninachafuka na kutapika. Ninaendesha. Hanywi vizuri.,adult,"[""vomiting"", ""diarrhoea""]",1,true,[],,synthetic_team_generated,train
health_ie_1187,sw,Hali hii imeendelea kwa karibu siku tano. Mtoto amekuwa akikohoa.,child,"[""cough""]",5,false,[],,synthetic_team_generated,train
health_ie_0067,en,They are not drinking well. This has been going on for about four days. very weak. They cannot drink. My child has been having diarrhoea.,child,"[""diarrhoea""]",4,true,"[""cannot_drink""]",very weak,synthetic_team_generated,train
health_ie_0075,en,My little one has been feverish. This has been going on since today.,child,"[""fever""]",1,false,[],,synthetic_team_generated,train
health_ie_1025,en,loose stools. They are not drinking well. The child feels hot and has a fever. This has been going on since two days ago. My child has diarrhoea.,child,"[""fever"", ""diarrhoea""]",2,true,[],loose stools,synthetic_team_generated,train
health_ie_0076,en,I am pregnant and my water may have broken early. The water may have broken early. This has been going on since today.,pregnant,"[""fluid_loss""]",1,false,"[""water_breaking_early""]",,synthetic_team_generated,train
health_ie_0539,sw,Hali hii imeendelea kwa takriban siku nne. Mtoto ana choo cha maji. Ana shida ya kunywa. very weak. Hawezi kunywa vizuri.,child,"[""diarrhoea""]",4,true,"[""cannot_drink""]",very weak,synthetic_team_generated,train
health_ie_1086,en,The baby is moving less. This has been going on since today. The baby is moving less than usual.,pregnant,"[""reduced_fetal_movement""]",1,false,"[""reduced_fetal_movement""]",,synthetic_team_generated,train
health_ie_0556,en,This has been going on for one day. I think my water is leaking during pregnancy. The water may have broken early.,pregnant,"[""fluid_loss""]",1,false,"[""water_breaking_early""]",,synthetic_team_generated,train
health_ie_0291,en,This has been going on for one day. My vision is blurred. My vision is blurred. My head hurts.,adult,"[""headache"", ""blurred_vision""]",1,false,"[""blurred_vision""]",,synthetic_team_generated,train
health_ie_0086,en,This has been going on for three days. I feel tired and weak. I have a fever.,adult,"[""fever"", ""weakness""]",3,false,[],,synthetic_team_generated,train
health_ie_0866,en,I have been coughing. This has been going on for four days. I have a fever.,adult,"[""fever"", ""cough""]",4,false,[],,synthetic_team_generated,train
health_ie_0095,en,This has been going on since two days ago. There is difficulty breathing. I find it hard to breathe. I keep coughing.,adult,"[""cough"", ""breathing_difficulty""]",2,false,"[""breathing_difficulty""]",,synthetic_team_generated,train
health_ie_0371,sw,Hali hii imeendelea kwa siku tatu. very sleepy. Mtoto wangu amelala sana na ni dhaifu. Mtoto wangu ana homa.,child,"[""fever"", ""weakness""]",3,false,[],very sleepy,synthetic_team_generated,train
health_ie_1140,en,This has been going on for three days. My child seems very weak. My child has a fever. very sleepy.,child,"[""fever"", ""weakness""]",3,false,[],very sleepy,synthetic_team_generated,train
health_ie_0941,sw,Hali hii imeendelea kwa karibu siku tano. Ninahisi dhaifu sana.,adult,"[""weakness""]",5,false,[],,synthetic_team_generated,train
health_ie_0784,en,The child has been coughing. This has been going on for one day. The child is struggling to breathe. There is difficulty breathing.,child,"[""breathing_difficulty"", ""cough""]",1,false,"[""breathing_difficulty""]",,synthetic_team_generated,train
health_ie_0578,sw,Ninahisi joto na nina homa. Hali hii imeendelea kwa siku mbili.,adult,"[""fever""]",2,false,[],,synthetic_team_generated,train
health_ie_0855,en,My little one has been feverish. They cannot drink. vomiting repeatedly. This has been going on for two days. My child has been sick and vomiting. They are not drinking well.,child,"[""fever"", ""vomiting""]",2,true,"[""cannot_drink""]",vomiting repeatedly,synthetic_team_generated,train
health_ie_0776,en,This has been going on today. There is bleeding. I have some bleeding.,adult,"[""bleeding""]",1,false,"[""bleeding""]",,synthetic_team_generated,train
health_ie_1104,sw,Hawezi kunywa. vomiting repeatedly. Ana shida ya kunywa. Mtoto wangu ana homa. Hali hii imeendelea kwa siku mbili. Mtoto wangu amekuwa akitapika.,child,"[""fever"", ""vomiting""]",2,true,"[""cannot_drink""]",vomiting repeatedly,synthetic_team_generated,train
health_ie_0256,en,My vision is blurred. I have a headache. My vision is blurred. This has been going on today.,adult,"[""headache"", ""blurred_vision""]",1,false,"[""blurred_vision""]",,synthetic_team_generated,train
health_ie_0226,sw,Amekuwa hanywi maji vizuri. Mtoto ana joto na ana homa. Hawezi kunywa. Hali hii imeendelea kwa siku mbili. Mtoto wangu amekuwa akitapika. vomiting repeatedly.,child,"[""fever"", ""vomiting""]",2,true,"[""cannot_drink""]",vomiting repeatedly,synthetic_team_generated,train
health_ie_0591,sw,Hali hii imeendelea tangu siku mbili zilizopita. Ana shida ya kunywa. Mtoto wangu ana homa tangu jana. loose stools. Mtoto ana choo cha maji.,child,"[""fever"", ""diarrhoea""]",2,true,[],loose stools,synthetic_team_generated,train
health_ie_0522,en,I have a fever. This has been going on since two days ago.,adult,"[""fever""]",2,false,[],,synthetic_team_generated,train
health_ie_0706,en,This has been going on for nearly five days. I feel very weak.,adult,"[""weakness""]",5,false,[],,synthetic_team_generated,train
health_ie_0523,sw,loose stools. Ana shida ya kunywa. Mtoto wangu amekuwa akiharisha. Hali hii imeendelea kwa siku moja.,child,"[""diarrhoea""]",1,true,[],loose stools,synthetic_team_generated,train
health_ie_0395,en,There is bleeding during my pregnancy. There is bleeding. This has been going on for one day.,pregnant,"[""bleeding""]",1,false,"[""bleeding""]",,synthetic_team_generated,train
health_ie_1099,en,This has been going on for two days. I have a fever.,adult,"[""fever""]",2,false,[],,synthetic_team_generated,train
health_ie_0184,en,There is bleeding during my pregnancy. There is bleeding. This has been going on today.,pregnant,"[""bleeding""]",1,false,"[""bleeding""]",,synthetic_team_generated,train
health_ie_0852,en,This has been going on for three days. I have stomach pain.,adult,"[""abdominal_pain""]",3,false,[],,synthetic_team_generated,train
health_ie_0155,en,This has been going on for nearly five days. I feel tired and weak.,adult,"[""weakness""]",5,false,[],,synthetic_team_generated,train
health_ie_0704,en,This has been going on today. The baby is moving less. The baby is moving less than usual.,pregnant,"[""reduced_fetal_movement""]",1,false,"[""reduced_fetal_movement""]",,synthetic_team_generated,train
health_ie_1088,en,My child has been hot since yesterday. The child keeps throwing up. This has been going on since two days ago. They are unable to drink. There is difficulty drinking. vomiting repeatedly.,child,"[""fever"", ""vomiting""]",2,true,"[""cannot_drink""]",vomiting repeatedly,synthetic_team_generated,train
health_ie_0836,en,My child has been hot since yesterday. The child had a seizure. This has been going on for two days. had a seizure.,child,"[""fever""]",2,false,"[""convulsions""]",had a seizure,synthetic_team_generated,train
health_ie_0577,en,This has been going on since two days ago. There were convulsions. had a seizure. The child feels hot and has a fever.,child,"[""fever""]",2,false,"[""convulsions""]",had a seizure,synthetic_team_generated,train
health_ie_0906,sw,Mimi ni mjamzito na nina homa. Hali hii imeendelea kwa siku mbili. Ana homa. Nina maumivu ya tumbo wakati wa ujauzito.,pregnant,"[""fever"", ""abdominal_pain""]",2,false,"[""fever""]",,synthetic_team_generated,train
health_ie_0785,en,This has been going on for the last three days. My belly hurts.,adult,"[""abdominal_pain""]",3,false,[],,synthetic_team_generated,train
health_ie_1143,en,My child keeps coughing. This has been going on for four days. My child has been hot since yesterday.,child,"[""cough"", ""fever""]",4,false,[],,synthetic_team_generated,train
health_ie_0212,en,This has been going on for one day. There is bleeding. I am bleeding.,adult,"[""bleeding""]",1,false,"[""bleeding""]",,synthetic_team_generated,train
health_ie_0182,sw,Mtoto wangu ana homa tangu jana. Hali hii imeendelea tangu leo.,child,"[""fever""]",1,false,[],,synthetic_team_generated,train
health_ie_1136,en,I have a fever. This has been going on since two days ago.,adult,"[""fever""]",2,false,[],,synthetic_team_generated,train
health_ie_0218,sw,Mtoto alipata degedege. Mtoto wangu ana homa. had a seizure. Hali hii imeendelea tangu siku mbili zilizopita.,child,"[""fever""]",2,false,"[""convulsions""]",had a seizure,synthetic_team_generated,train
health_ie_0974,en,My child has a cough. This has been going on for five days.,child,"[""cough""]",5,false,[],,synthetic_team_generated,train
health_ie_0157,en,I have some bleeding. This has been going on since today. There is bleeding.,adult,"[""bleeding""]",1,false,"[""bleeding""]",,synthetic_team_generated,train
health_ie_0694,en,My child is vomiting. My child has been hot since yesterday. very weak. This has been going on for the last three days. My child seems very weak. They are unable to drink. They are not drinking well.,child,"[""fever"", ""vomiting"", ""weakness""]",3,true,"[""cannot_drink""]",very weak,synthetic_team_generated,train
health_ie_0749,en,This has been going on for five days. I am pregnant and feel very tired.,pregnant,"[""fatigue""]",5,false,[],,synthetic_team_generated,train
health_ie_0031,en,There is difficulty drinking. very weak. The child has loose stools. They cannot drink. This has been going on for four days.,child,"[""diarrhoea""]",4,true,"[""cannot_drink""]",very weak,synthetic_team_generated,train
health_ie_0410,en,There is difficulty breathing. My child keeps coughing. This has been going on for one day. My child is having trouble breathing.,child,"[""breathing_difficulty"", ""cough""]",1,false,"[""breathing_difficulty""]",,synthetic_team_generated,train
health_ie_0372,en,I have a cough. I feel hot and have a fever. This has been going on for four days.,adult,"[""fever"", ""cough""]",4,false,[],,synthetic_team_generated,train
health_ie_0211,en,I have abdominal pain. This has been going on for three days.,adult,"[""abdominal_pain""]",3,false,[],,synthetic_team_generated,train
health_ie_0175,sw,Ninaumwa kichwa wakati wa ujauzito. Maumivu ya kichwa ni makali. Mimi ni mjamzito na ninaona ukungu. Hali hii imeendelea tangu leo.,pregnant,"[""headache"", ""blurred_vision""]",1,false,"[""severe_headache""]",,synthetic_team_generated,train
health_ie_0491,sw,Mtoto ana joto na ana homa. Hali hii imeendelea tangu leo.,child,"[""fever""]",1,false,[],,synthetic_team_generated,train
health_ie_0844,en,There is difficulty breathing. This has been going on for two days. I have a cough. I am struggling to breathe.,adult,"[""cough"", ""breathing_difficulty""]",2,false,"[""breathing_difficulty""]",,synthetic_team_generated,train
health_ie_1051,sw,Mtoto wangu ana homa. Hali hii imeendelea kwa siku moja.,child,"[""fever""]",1,false,[],,synthetic_team_generated,train
health_ie_0034,sw,Hali hii imeendelea kwa siku tatu. Hanywi vizuri. not drinking well. Mtoto ana joto na ana homa.,child,"[""fever""]",3,true,[],not drinking well,synthetic_team_generated,train
health_ie_0773,sw,Hali hii imeendelea tangu leo. Mtoto ana choo cha maji. Amekuwa hanywi maji vizuri. loose stools.,child,"[""diarrhoea""]",1,true,[],loose stools,synthetic_team_generated,train
health_ie_0719,sw,Ana shida ya kunywa. Nina kuharisha. Hali hii imeendelea leo. Nimekuwa nikitapika.,adult,"[""vomiting"", ""diarrhoea""]",1,true,[],,synthetic_team_generated,train
health_ie_0173,en,I have been very tired during pregnancy. This has been going on for nearly five days.,pregnant,"[""fatigue""]",5,false,[],,synthetic_team_generated,train
health_ie_1009,en,I feel hot and have a fever. I feel very weak. This has been going on for three days.,adult,"[""fever"", ""weakness""]",3,false,[],,synthetic_team_generated,train
health_ie_0711,en,I have been coughing. This has been going on for four days. I feel hot and have a fever.,adult,"[""fever"", ""cough""]",4,false,[],,synthetic_team_generated,train
health_ie_0727,sw,Ana shida ya kunywa. Ninachafuka na kutapika. Hali hii imeendelea tangu siku mbili zilizopita. Ninahisi dhaifu sana.,adult,"[""vomiting"", ""weakness""]",2,true,[],,synthetic_team_generated,train
health_ie_1149,sw,Mimi ni mjamzito na nina maumivu ya kichwa. Maumivu ya kichwa ni makali. Hali hii imeendelea leo. Macho yangu yanaona ukungu wakati wa ujauzito.,pregnant,"[""headache"", ""blurred_vision""]",1,false,"[""severe_headache""]",,synthetic_team_generated,train
health_ie_0141,sw,Hali hii imeendelea kwa siku nne. Nimekuwa nikikohoa. Nimekuwa na homa.,adult,"[""fever"", ""cough""]",4,false,[],,synthetic_team_generated,train
health_ie_0693,en,This has been going on for five days. I feel tired and weak.,adult,"[""weakness""]",5,false,[],,synthetic_team_generated,train
health_ie_0326,sw,Nimekuwa dhaifu. Hali hii imeendelea kwa karibu siku tano.,adult,"[""weakness""]",5,false,[],,synthetic_team_generated,train
health_ie_1178,en,This has been going on for about four days. My child keeps coughing. There is fever in my child.,child,"[""cough"", ""fever""]",4,false,[],,synthetic_team_generated,train
health_ie_0014,sw,Hanywi vizuri. Mtoto wangu ana homa. Mtoto anaonekana mchovu na dhaifu. Hali hii imeendelea kwa siku tatu. very weak. Hawezi kunywa. Mtoto wangu amekuwa akitapika.,child,"[""fever"", ""vomiting"", ""weakness""]",3,true,"[""cannot_drink""]",very weak,synthetic_team_generated,train
health_ie_0147,sw,Hali hii imeendelea kwa siku tano. Mimi ni mjamzito na nimechoka sana.,pregnant,"[""fatigue""]",5,false,[],,synthetic_team_generated,train
health_ie_0380,sw,Hali hii imeendelea tangu leo. Maumivu ya kichwa ni makali. Mimi ni mjamzito na nina maumivu ya kichwa. Macho yangu yanaona ukungu wakati wa ujauzito.,pregnant,"[""headache"", ""blurred_vision""]",1,false,"[""severe_headache""]",,synthetic_team_generated,train
health_ie_1029,en,This has been going on since today. There is bleeding. I am pregnant and I am bleeding.,pregnant,"[""bleeding""]",1,false,"[""bleeding""]",,synthetic_team_generated,train
health_ie_0479,sw,Hali hii imeendelea leo. Mtoto wangu ana kikohozi. Anapata shida ya kupumua. Mtoto anapumua kwa shida.,child,"[""breathing_difficulty"", ""cough""]",1,false,"[""breathing_difficulty""]",,synthetic_team_generated,train
health_ie_0828,en,I feel hot and have a fever. This has been going on for four days. I keep coughing.,adult,"[""fever"", ""cough""]",4,false,[],,synthetic_team_generated,train
health_ie_0019,en,This has been going on for the last three days. There is difficulty drinking. very weak. My child has been sick and vomiting. They cannot drink. My child seems very weak. My child has been hot since yesterday.,child,"[""fever"", ""vomiting"", ""weakness""]",3,true,"[""cannot_drink""]",very weak,synthetic_team_generated,train
health_ie_0460,en,There is difficulty breathing. I have been coughing. I am struggling to breathe. This has been going on for two days.,adult,"[""cough"", ""breathing_difficulty""]",2,false,"[""breathing_difficulty""]",,synthetic_team_generated,train
health_ie_0490,en,I am bleeding. There is bleeding. This has been going on today.,adult,"[""bleeding""]",1,false,"[""bleeding""]",,synthetic_team_generated,train
health_ie_0848,en,They are unable to drink. They have not been drinking well. very weak. My child has diarrhoea. This has been going on for four days.,child,"[""diarrhoea""]",4,true,"[""cannot_drink""]",very weak,synthetic_team_generated,train
health_ie_0347,en,The baby is moving less. The baby is moving less than usual. This has been going on today.,pregnant,"[""reduced_fetal_movement""]",1,false,"[""reduced_fetal_movement""]",,synthetic_team_generated,train
health_ie_0994,sw,Nina maumivu ya kichwa. Naona ukungu. Naona ukungu. Hali hii imeendelea kwa siku moja.,adult,"[""headache"", ""blurred_vision""]",1,false,"[""blurred_vision""]",,synthetic_team_generated,train
health_ie_1011,en,The child has been coughing. This has been going on for nearly five days.,child,"[""cough""]",5,false,[],,synthetic_team_generated,train
health_ie_0568,en,The child feels hot and has a fever. This has been going on for one day.,child,"[""fever""]",1,false,[],,synthetic_team_generated,train
health_ie_0962,en,I have some bleeding. There is bleeding. This has been going on since today.,adult,"[""bleeding""]",1,false,"[""bleeding""]",,synthetic_team_generated,train
health_ie_0363,en,There is fever. I have belly pain during pregnancy. I am pregnant and have a fever. This has been going on since two days ago.,pregnant,"[""fever"", ""abdominal_pain""]",2,false,"[""fever""]",,synthetic_team_generated,train
health_ie_0219,en,This has been going on for three days. I have been feeling feverish. I have been unusually weak.,adult,"[""fever"", ""weakness""]",3,false,[],,synthetic_team_generated,train
health_ie_0277,sw,Mtoto tumboni anacheza kidogo kuliko kawaida. Hali hii imeendelea kwa siku moja. Mtoto anacheza kidogo.,pregnant,"[""reduced_fetal_movement""]",1,false,"[""reduced_fetal_movement""]",,synthetic_team_generated,train
health_ie_1171,en,This has been going on since today. I am pregnant and seeing blurry. The headache is severe. I have a headache while pregnant.,pregnant,"[""headache"", ""blurred_vision""]",1,false,"[""severe_headache""]",,synthetic_team_generated,train
health_ie_0717,sw,loose stools. Ana shida ya kunywa. Mtoto ana joto na ana homa. Mtoto wangu anaharisha. Hali hii imeendelea kwa siku mbili.,child,"[""fever"", ""diarrhoea""]",2,true,[],loose stools,synthetic_team_generated,train
health_ie_1185,en,My child is very sleepy and weak. This has been going on for the last three days. very sleepy. There is fever in my child.,child,"[""fever"", ""weakness""]",3,false,[],very sleepy,synthetic_team_generated,train
health_ie_0236,en,vomiting repeatedly. There is difficulty drinking. My child has been sick and vomiting. They cannot drink. This has been going on since two days ago. The child feels hot and has a fever.,child,"[""fever"", ""vomiting""]",2,true,"[""cannot_drink""]",vomiting repeatedly,synthetic_team_generated,train
health_ie_0642,en,This has been going on for the last three days. I feel very weak. I feel hot and have a fever.,adult,"[""fever"", ""weakness""]",3,false,[],,synthetic_team_generated,train
health_ie_0629,en,This has been going on for four days. They are not drinking well. My child has been having diarrhoea. very weak. They cannot drink.,child,"[""diarrhoea""]",4,true,"[""cannot_drink""]",very weak,synthetic_team_generated,train
health_ie_0996,en,This has been going on for nearly five days. I have been unusually weak.,adult,"[""weakness""]",5,false,[],,synthetic_team_generated,train
health_ie_0535,en,I have belly pain during pregnancy. This has been going on since two days ago. There is fever. I have a fever during pregnancy.,pregnant,"[""fever"", ""abdominal_pain""]",2,false,"[""fever""]",,synthetic_team_generated,train
health_ie_0594,sw,very sleepy. Mtoto wangu ana homa. Mtoto wangu amelala sana na ni dhaifu. Hali hii imeendelea tangu siku tatu zilizopita.,child,"[""fever"", ""weakness""]",3,false,[],very sleepy,synthetic_team_generated,train
health_ie_0243,en,I have been unusually weak. This has been going on for nearly five days.,adult,"[""weakness""]",5,false,[],,synthetic_team_generated,train
health_ie_1144,en,I have belly pain during pregnancy. I am pregnant and have a fever. There is fever. This has been going on for two days.,pregnant,"[""fever"", ""abdominal_pain""]",2,false,"[""fever""]",,synthetic_team_generated,train
health_ie_0264,en,The abdominal pain is severe. I have belly pain during pregnancy. This has been going on since today.,pregnant,"[""abdominal_pain""]",1,false,"[""severe_abdominal_pain""]",,synthetic_team_generated,train
health_ie_1005,sw,Anapata shida ya kupumua. Hali hii imeendelea tangu leo. Mtoto amekuwa akikohoa. Mtoto wangu anahangaika kupumua.,child,"[""breathing_difficulty"", ""cough""]",1,false,"[""breathing_difficulty""]",,synthetic_team_generated,train
health_ie_1034,en,This has been going on for two days. I feel hot and have a fever.,adult,"[""fever""]",2,false,[],,synthetic_team_generated,train
health_ie_0520,en,This has been going on since today. There is bleeding. There is bleeding during my pregnancy.,pregnant,"[""bleeding""]",1,false,"[""bleeding""]",,synthetic_team_generated,train
health_ie_1113,en,I have a fever. This has been going on for two days.,adult,"[""fever""]",2,false,[],,synthetic_team_generated,train
health_ie_0875,en,This has been going on for nearly five days. I am pregnant and feel very tired.,pregnant,"[""fatigue""]",5,false,[],,synthetic_team_generated,train
health_ie_0612,sw,not drinking well. Hali hii imeendelea tangu siku tatu zilizopita. Amekuwa hanywi maji vizuri. Mtoto wangu ana homa.,child,"[""fever""]",3,true,[],not drinking well,synthetic_team_generated,train
health_ie_1004,sw,very weak. Mtoto wangu amekuwa akiharisha. Hali hii imeendelea kwa siku nne. Hawezi kunywa vizuri. Amekuwa hanywi maji vizuri.,child,"[""diarrhoea""]",4,true,"[""cannot_drink""]",very weak,synthetic_team_generated,train
health_ie_1176,sw,Hali hii imeendelea tangu siku mbili zilizopita. Amekuwa hanywi maji vizuri. Nimekuwa dhaifu. Nimekuwa nikitapika.,adult,"[""vomiting"", ""weakness""]",2,true,[],,synthetic_team_generated,train
health_ie_0321,sw,Mtoto wangu anakohoa. Hali hii imeendelea kwa karibu siku tano.,child,"[""cough""]",5,false,[],,synthetic_team_generated,train
health_ie_1147,en,My child has been hot since yesterday. There were convulsions. This has been going on for two days. had a seizure.,child,"[""fever""]",2,false,"[""convulsions""]",had a seizure,synthetic_team_generated,train
health_ie_0189,sw,Mtoto wangu ana homa. Hali hii imeendelea leo.,child,"[""fever""]",1,false,[],,synthetic_team_generated,train
health_ie_1060,en,My child has been hot since yesterday. very weak. They are unable to drink. They have not been drinking well. This has been going on for the last three days. My child is very sleepy and weak. My child is vomiting.,child,"[""fever"", ""vomiting"", ""weakness""]",3,true,"[""cannot_drink""]",very weak,synthetic_team_generated,train
health_ie_0136,en,This has been going on for two days. I have been feeling feverish.,adult,"[""fever""]",2,false,[],,synthetic_team_generated,train
health_ie_0584,en,The child had a seizure. had a seizure. This has been going on since two days ago. There is fever in my child.,child,"[""fever""]",2,false,"[""convulsions""]",had a seizure,synthetic_team_generated,train
health_ie_0402,sw,Mtoto wangu anahangaika kupumua. Mtoto wangu ana kikohozi. Hali hii imeendelea leo. Anapata shida ya kupumua.,child,"[""breathing_difficulty"", ""cough""]",1,false,"[""breathing_difficulty""]",,synthetic_team_generated,train
health_ie_1089,en,I have been vomiting. I have diarrhoea. This has been going on for one day. They are not drinking well.,adult,"[""vomiting"", ""diarrhoea""]",1,true,[],,synthetic_team_generated,train
health_ie_0079,en,There is difficulty drinking. My child has diarrhoea. This has been going on today. loose stools.,child,"[""diarrhoea""]",1,true,[],loose stools,synthetic_team_generated,train
health_ie_0262,en,I have stomach pain. This has been going on for three days.,adult,"[""abdominal_pain""]",3,false,[],,synthetic_team_generated,train
health_ie_0920,en,They are unable to drink. This has been going on for the last three days. The child is unusually tired and weak. The child keeps throwing up. My child has a fever. There is difficulty drinking. very weak.,child,"[""fever"", ""vomiting"", ""weakness""]",3,true,"[""cannot_drink""]",very weak,synthetic_team_generated,train
health_ie_0132,sw,Tumbo langu linauma. Hali hii imeendelea kwa siku tatu.,adult,"[""abdominal_pain""]",3,false,[],,synthetic_team_generated,train
health_ie_1161,sw,Nina homa. Hali hii imeendelea kwa siku mbili.,adult,"[""fever""]",2,false,[],,synthetic_team_generated,train
health_ie_0244,en,This has been going on for nearly five days. The child has been coughing.,child,"[""cough""]",5,false,[],,synthetic_team_generated,train
health_ie_1012,sw,Ninatokwa na damu. Mimi ni mjamzito na natokwa na damu. Hali hii imeendelea kwa siku moja.,pregnant,"[""bleeding""]",1,false,"[""bleeding""]",,synthetic_team_generated,train
health_ie_0528,en,There is fever. This has been going on for two days. I have belly pain during pregnancy. I have a fever during pregnancy.,pregnant,"[""fever"", ""abdominal_pain""]",2,false,"[""fever""]",,synthetic_team_generated,train
health_ie_0176,sw,Ninakohoa sana. Hali hii imeendelea kwa takriban siku nne. Nina homa.,adult,"[""fever"", ""cough""]",4,false,[],,synthetic_team_generated,train
health_ie_0412,en,The child had a seizure. This has been going on since two days ago. had a seizure. The child feels hot and has a fever.,child,"[""fever""]",2,false,"[""convulsions""]",had a seizure,synthetic_team_generated,train
health_ie_0546,sw,Hali hii imeendelea kwa siku tatu. Mtoto ana joto na ana homa. Mtoto wangu ni dhaifu sana. very sleepy.,child,"[""fever"", ""weakness""]",3,false,[],very sleepy,synthetic_team_generated,train
health_ie_1052,en,This has been going on for three days. I have been unusually weak. I have a fever.,adult,"[""fever"", ""weakness""]",3,false,[],,synthetic_team_generated,train
health_ie_0608,sw,Hali hii imeendelea kwa karibu siku tano. Mtoto wangu anakohoa.,child,"[""cough""]",5,false,[],,synthetic_team_generated,train
health_ie_1093,en,This has been going on today. loose stools. The child has loose stools. There is difficulty drinking.,child,"[""diarrhoea""]",1,true,[],loose stools,synthetic_team_generated,train
health_ie_0296,en,very weak. This has been going on for about four days. The child has loose stools. They cannot drink. They are not drinking well.,child,"[""diarrhoea""]",4,true,"[""cannot_drink""]",very weak,synthetic_team_generated,train
health_ie_0312,sw,Hali hii imeendelea kwa siku nne. Mtoto wangu anakohoa. Mtoto wangu ana homa tangu jana.,child,"[""cough"", ""fever""]",4,false,[],,synthetic_team_generated,train
health_ie_0683,en,My little one has been feverish. This has been going on since today.,child,"[""fever""]",1,false,[],,synthetic_team_generated,train
health_ie_1008,en,This has been going on for five days. I have been very tired during pregnancy.,pregnant,"[""fatigue""]",5,false,[],,synthetic_team_generated,train
health_ie_0178,en,I am pregnant and keep vomiting. There is difficulty drinking. This has been going on for two days.,pregnant,"[""vomiting""]",2,true,[],,synthetic_team_generated,train
health_ie_0270,sw,Hali hii imeendelea tangu siku tatu zilizopita. Ana shida ya kunywa. Mtoto wangu ana homa tangu jana. not drinking well.,child,"[""fever""]",3,true,[],not drinking well,synthetic_team_generated,train
health_ie_0953,en,There is bleeding. This has been going on today. I am pregnant and have vaginal bleeding.,pregnant,"[""bleeding""]",1,false,"[""bleeding""]",,synthetic_team_generated,train
health_ie_0430,en,There is difficulty drinking. I keep throwing up. This has been going on for one day. I have loose stools.,adult,"[""vomiting"", ""diarrhoea""]",1,true,[],,synthetic_team_generated,train
health_ie_0567,en,This has been going on for nearly five days. I have been unusually weak.,adult,"[""weakness""]",5,false,[],,synthetic_team_generated,train
health_ie_0269,en,This has been going on today. I am pregnant and my water may have broken early. The water may have broken early.,pregnant,"[""fluid_loss""]",1,false,"[""water_breaking_early""]",,synthetic_team_generated,train
health_ie_0860,en,I have diarrhoea. I have been vomiting. This has been going on for one day. They are not drinking well.,adult,"[""vomiting"", ""diarrhoea""]",1,true,[],,synthetic_team_generated,train
health_ie_0549,en,This has been going on since two days ago. I have been feeling feverish.,adult,"[""fever""]",2,false,[],,synthetic_team_generated,train
health_ie_0963,sw,Hali hii imeendelea kwa siku mbili. Nina maumivu ya tumbo wakati wa ujauzito. Mimi ni mjamzito na nina homa. Ana homa.,pregnant,"[""fever"", ""abdominal_pain""]",2,false,"[""fever""]",,synthetic_team_generated,train
health_ie_0611,sw,Hali hii imeendelea kwa siku tatu. not drinking well. Hanywi vizuri. Mtoto wangu ana homa tangu jana.,child,"[""fever""]",3,true,[],not drinking well,synthetic_team_generated,train
health_ie_0113,sw,Nimekuwa dhaifu. Hali hii imeendelea tangu siku tatu zilizopita. Ninahisi joto na nina homa.,adult,"[""fever"", ""weakness""]",3,false,[],,synthetic_team_generated,train
health_ie_0838,en,I have a fever. This has been going on for the last three days. I feel very weak.,adult,"[""fever"", ""weakness""]",3,false,[],,synthetic_team_generated,train
health_ie_0911,en,This has been going on for two days. I am pregnant and have a fever. I have belly pain during pregnancy. There is fever.,pregnant,"[""fever"", ""abdominal_pain""]",2,false,"[""fever""]",,synthetic_team_generated,train
health_ie_0924,sw,Hanywi vizuri. Hali hii imeendelea tangu siku mbili zilizopita. Mtoto wangu ana homa tangu jana. Mtoto anatapika mara kwa mara. Hawezi kunywa vizuri. vomiting repeatedly.,child,"[""fever"", ""vomiting""]",2,true,"[""cannot_drink""]",vomiting repeatedly,synthetic_team_generated,train
health_ie_0934,en,My little one has been feverish. They are not drinking well. My child has diarrhoea. This has been going on for two days. loose stools.,child,"[""fever"", ""diarrhoea""]",2,true,[],loose stools,synthetic_team_generated,train
health_ie_0470,sw,Mtoto wangu ana homa. Hali hii imeendelea leo.,child,"[""fever""]",1,false,[],,synthetic_team_generated,train
health_ie_0074,en,I have abdominal pain. This has been going on for the last three days.,adult,"[""abdominal_pain""]",3,false,[],,synthetic_team_generated,train
health_ie_0638,en,My head hurts. This has been going on for one day.,adult,"[""headache""]",1,false,[],,synthetic_team_generated,train
health_ie_0764,en,very weak. My child has diarrhoea. This has been going on for four days. They are unable to drink. There is difficulty drinking.,child,"[""diarrhoea""]",4,true,"[""cannot_drink""]",very weak,synthetic_team_generated,train
health_ie_0185,en,They are not drinking well. I am vomiting. This has been going on for two days. I feel very weak.,adult,"[""vomiting"", ""weakness""]",2,true,[],,synthetic_team_generated,train
health_ie_0929,en,They have not been drinking well. This has been going on since two days ago. I am pregnant and keep vomiting.,pregnant,"[""vomiting""]",2,true,[],,synthetic_team_generated,train
health_ie_0989,en,This has been going on since today. The baby is moving less. The baby is moving less than usual.,pregnant,"[""reduced_fetal_movement""]",1,false,"[""reduced_fetal_movement""]",,synthetic_team_generated,train
health_ie_0033,en,My child keeps coughing. This has been going on for five days.,child,"[""cough""]",5,false,[],,synthetic_team_generated,train
health_ie_1079,sw,Hali hii imeendelea kwa siku moja. Maji ya uzazi yanaweza kuwa yametoka mapema. Mimi ni mjamzito na naona maji yanatoka mapema.,pregnant,"[""fluid_loss""]",1,false,"[""water_breaking_early""]",,synthetic_team_generated,train
health_ie_0626,en,I think my water is leaking during pregnancy. This has been going on today. The water may have broken early.,pregnant,"[""fluid_loss""]",1,false,"[""water_breaking_early""]",,synthetic_team_generated,train
health_ie_0056,en,I am pregnant and I am bleeding. This has been going on since today. There is bleeding.,pregnant,"[""bleeding""]",1,false,"[""bleeding""]",,synthetic_team_generated,train
health_ie_0734,en,The water may have broken early. I am pregnant and my water may have broken early. This has been going on for one day.,pregnant,"[""fluid_loss""]",1,false,"[""water_breaking_early""]",,synthetic_team_generated,train
health_ie_0696,en,My child keeps coughing. This has been going on since today. The child is struggling to breathe. There is difficulty breathing.,child,"[""breathing_difficulty"", ""cough""]",1,false,"[""breathing_difficulty""]",,synthetic_team_generated,train
health_ie_1068,en,I feel very weak. I have a fever. This has been going on for three days.,adult,"[""fever"", ""weakness""]",3,false,[],,synthetic_team_generated,train
health_ie_0900,sw,Hawezi kunywa vizuri. Mtoto wangu amekuwa akitapika. very weak. Mtoto ana joto na ana homa. Mtoto wangu amelala sana na ni dhaifu. Ana shida ya kunywa. Hali hii imeendelea kwa siku tatu.,child,"[""fever"", ""vomiting"", ""weakness""]",3,true,"[""cannot_drink""]",very weak,synthetic_team_generated,train
health_ie_0576,en,This has been going on for one day. The child is struggling to breathe. My child has a cough. There is difficulty breathing.,child,"[""breathing_difficulty"", ""cough""]",1,false,"[""breathing_difficulty""]",,synthetic_team_generated,train
health_ie_0554,en,My vision is blurred. This has been going on since today. My vision is blurred. My head hurts.,adult,"[""headache"", ""blurred_vision""]",1,false,"[""blurred_vision""]",,synthetic_team_generated,train
health_ie_1065,sw,Ninahisi joto na nina homa. Hali hii imeendelea kwa siku nne. Nina kikohozi.,adult,"[""fever"", ""cough""]",4,false,[],,synthetic_team_generated,train
health_ie_0903,en,I am pregnant and seeing blurry. I am pregnant and have a headache. This has been going on since today. The headache is severe.,pregnant,"[""headache"", ""blurred_vision""]",1,false,"[""severe_headache""]",,synthetic_team_generated,train
health_ie_0453,sw,Ana shida ya kunywa. Mtoto wangu amekuwa akiharisha. very weak. Hawezi kunywa. Hali hii imeendelea kwa siku nne.,child,"[""diarrhoea""]",4,true,"[""cannot_drink""]",very weak,synthetic_team_generated,train
health_ie_0161,en,I feel hot and have a fever. This has been going on for four days. I have been coughing.,adult,"[""fever"", ""cough""]",4,false,[],,synthetic_team_generated,train
health_ie_0078,en,My vision is blurred. My vision is blurred. This has been going on since today. I have a headache.,adult,"[""headache"", ""blurred_vision""]",1,false,"[""blurred_vision""]",,synthetic_team_generated,train
health_ie_0743,sw,Hali hii imeendelea tangu siku mbili zilizopita. Mimi ni mjamzito na nimetapika mara nyingi. Ana shida ya kunywa.,pregnant,"[""vomiting""]",2,true,[],,synthetic_team_generated,train
health_ie_0634,en,There is difficulty breathing. The child is struggling to breathe. This has been going on since today. My child keeps coughing.,child,"[""breathing_difficulty"", ""cough""]",1,false,"[""breathing_difficulty""]",,synthetic_team_generated,train
health_ie_0871,en,I have a headache while pregnant. My vision is blurred while I am pregnant. The headache is severe. This has been going on today.,pregnant,"[""headache"", ""blurred_vision""]",1,false,"[""severe_headache""]",,synthetic_team_generated,train
health_ie_0689,en,There is difficulty breathing. This has been going on since today. The child is struggling to breathe. My child has a cough.,child,"[""breathing_difficulty"", ""cough""]",1,false,"[""breathing_difficulty""]",,synthetic_team_generated,train
health_ie_0288,en,This has been going on since today. I have belly pain during pregnancy. The abdominal pain is severe.,pregnant,"[""abdominal_pain""]",1,false,"[""severe_abdominal_pain""]",,synthetic_team_generated,train
health_ie_0948,sw,Hali hii imeendelea kwa siku mbili. Ninapata shida ya kupumua. Ninakohoa sana. Anapata shida ya kupumua.,adult,"[""cough"", ""breathing_difficulty""]",2,false,"[""breathing_difficulty""]",,synthetic_team_generated,train
health_ie_0887,en,They have not been drinking well. I have been vomiting. This has been going on since today. I have loose stools.,adult,"[""vomiting"", ""diarrhoea""]",1,true,[],,synthetic_team_generated,train
health_ie_0324,sw,Ninahisi uchovu na udhaifu. Hali hii imeendelea kwa siku tano.,adult,"[""weakness""]",5,false,[],,synthetic_team_generated,train
health_ie_0786,en,There is difficulty breathing. My child has a cough. The child is struggling to breathe. This has been going on since today.,child,"[""breathing_difficulty"", ""cough""]",1,false,"[""breathing_difficulty""]",,synthetic_team_generated,train
health_ie_0724,en,This has been going on for four days. I have been coughing. I have been feeling feverish.,adult,"[""fever"", ""cough""]",4,false,[],,synthetic_team_generated,train
health_ie_1066,en,There is difficulty drinking. My child has a fever. My child has been having diarrhoea. loose stools. This has been going on for two days.,child,"[""fever"", ""diarrhoea""]",2,true,[],loose stools,synthetic_team_generated,train
health_ie_0886,en,vomiting repeatedly. The child keeps throwing up. They are unable to drink. My child has been hot since yesterday. This has been going on for two days. They have not been drinking well.,child,"[""fever"", ""vomiting""]",2,true,"[""cannot_drink""]",vomiting repeatedly,synthetic_team_generated,train
health_ie_1054,en,I have been feeling feverish. This has been going on since two days ago.,adult,"[""fever""]",2,false,[],,synthetic_team_generated,train
health_ie_1188,sw,Hali hii imeendelea kwa takriban siku nne. Mtoto wangu ana homa. Mtoto wangu ana kikohozi.,child,"[""cough"", ""fever""]",4,false,[],,synthetic_team_generated,train
health_ie_0959,sw,Hali hii imeendelea tangu leo. Nina maumivu ya kichwa. Naona ukungu. Naona ukungu.,adult,"[""headache"", ""blurred_vision""]",1,false,"[""blurred_vision""]",,synthetic_team_generated,train
health_ie_0845,sw,Mtoto wangu anahangaika kupumua. Anapata shida ya kupumua. Mtoto wangu anakohoa. Hali hii imeendelea kwa siku moja.,child,"[""breathing_difficulty"", ""cough""]",1,false,"[""breathing_difficulty""]",,synthetic_team_generated,train
health_ie_0477,en,There is difficulty drinking. The child keeps throwing up. They are unable to drink. My child has a fever. This has been going on since two days ago. vomiting repeatedly.,child,"[""fever"", ""vomiting""]",2,true,"[""cannot_drink""]",vomiting repeatedly,synthetic_team_generated,train
health_ie_0233,sw,Anapata shida ya kupumua. Mtoto wangu anakohoa. Hali hii imeendelea tangu leo. Mtoto wangu anahangaika kupumua.,child,"[""breathing_difficulty"", ""cough""]",1,false,"[""breathing_difficulty""]",,synthetic_team_generated,train
health_ie_0204,sw,Hali hii imeendelea kwa karibu siku tano. Nimekuwa dhaifu.,adult,"[""weakness""]",5,false,[],,synthetic_team_generated,train
health_ie_1072,sw,vomiting repeatedly. Hali hii imeendelea tangu siku mbili zilizopita. Mtoto wangu ana homa tangu jana. Amekuwa hanywi maji vizuri. Hawezi kunywa. Mtoto anatapika mara kwa mara.,child,"[""fever"", ""vomiting""]",2,true,"[""cannot_drink""]",vomiting repeatedly,synthetic_team_generated,train
health_ie_0640,en,There is bleeding. I am bleeding. This has been going on since today.,adult,"[""bleeding""]",1,false,"[""bleeding""]",,synthetic_team_generated,train
health_ie_0699,sw,Ninatokwa na damu. Nina damu inayotoka. Hali hii imeendelea kwa siku moja.,adult,"[""bleeding""]",1,false,"[""bleeding""]",,synthetic_team_generated,train
health_ie_0133,en,This has been going on for one day. There is fever in my child.,child,"[""fever""]",1,false,[],,synthetic_team_generated,train
health_ie_0610,sw,Hali hii imeendelea kwa siku moja. Maumivu ya tumbo ni makali. Mimi ni mjamzito na tumbo linauma.,pregnant,"[""abdominal_pain""]",1,false,"[""severe_abdominal_pain""]",,synthetic_team_generated,train
health_ie_1050,en,I am pregnant and have a headache. This has been going on since today. The headache is severe. My vision is blurred while I am pregnant.,pregnant,"[""headache"", ""blurred_vision""]",1,false,"[""severe_headache""]",,synthetic_team_generated,train
health_ie_0038,en,There is difficulty drinking. This has been going on since today. loose stools. The child has loose stools.,child,"[""diarrhoea""]",1,true,[],loose stools,synthetic_team_generated,train
health_ie_1107,en,This has been going on today. There is bleeding. I am pregnant and I am bleeding.,pregnant,"[""bleeding""]",1,false,"[""bleeding""]",,synthetic_team_generated,train
health_ie_0605,en,I am pregnant and have been vomiting. They have not been drinking well. This has been going on since two days ago.,pregnant,"[""vomiting""]",2,true,[],,synthetic_team_generated,train
health_ie_0405,sw,Hali hii imeendelea kwa siku mbili. Ni vigumu kwangu kupumua. Anapata shida ya kupumua. Nina kikohozi.,adult,"[""cough"", ""breathing_difficulty""]",2,false,"[""breathing_difficulty""]",,synthetic_team_generated,train
health_ie_0710,en,I think my water is leaking during pregnancy. This has been going on for one day. The water may have broken early.,pregnant,"[""fluid_loss""]",1,false,"[""water_breaking_early""]",,synthetic_team_generated,train
health_ie_0518,en,very sleepy. This has been going on for the last three days. My child has a fever. The child is unusually tired and weak.,child,"[""fever"", ""weakness""]",3,false,[],very sleepy,synthetic_team_generated,train
health_ie_0302,en,They have not been drinking well. I am pregnant and have been vomiting. This has been going on since two days ago.,pregnant,"[""vomiting""]",2,true,[],,synthetic_team_generated,train
health_ie_0357,en,This has been going on for five days. I have been very tired during pregnancy.,pregnant,"[""fatigue""]",5,false,[],,synthetic_team_generated,train
health_ie_0282,en,There is bleeding. This has been going on today. I have some bleeding.,adult,"[""bleeding""]",1,false,"[""bleeding""]",,synthetic_team_generated,train
health_ie_1098,sw,Ninaendesha. Ninatapika. Hanywi vizuri. Hali hii imeendelea kwa siku moja.,adult,"[""vomiting"", ""diarrhoea""]",1,true,[],,synthetic_team_generated,train
health_ie_0068,en,I feel hot and have a fever. This has been going on for about four days. I keep coughing.,adult,"[""fever"", ""cough""]",4,false,[],,synthetic_team_generated,train
health_ie_1026,en,They have not been drinking well. I keep throwing up. This has been going on for one day. I have been having diarrhoea.,adult,"[""vomiting"", ""diarrhoea""]",1,true,[],,synthetic_team_generated,train
health_ie_0737,sw,Ninatokwa na damu. Hali hii imeendelea leo. Ninatokwa na damu.,adult,"[""bleeding""]",1,false,"[""bleeding""]",,synthetic_team_generated,train
health_ie_1148,en,had a seizure. My child has a fever. There were convulsions. This has been going on for two days.,child,"[""fever""]",2,false,"[""convulsions""]",had a seizure,synthetic_team_generated,train
health_ie_0096,en,There is bleeding during my pregnancy. There is bleeding. This has been going on for one day.,pregnant,"[""bleeding""]",1,false,"[""bleeding""]",,synthetic_team_generated,train
health_ie_0018,en,This has been going on for three days. I have abdominal pain.,adult,"[""abdominal_pain""]",3,false,[],,synthetic_team_generated,train
health_ie_0121,en,My child keeps coughing. This has been going on for nearly five days.,child,"[""cough""]",5,false,[],,synthetic_team_generated,train
health_ie_0558,en,The headache is severe. I am pregnant and have a headache. I am pregnant and seeing blurry. This has been going on since today.,pregnant,"[""headache"", ""blurred_vision""]",1,false,"[""severe_headache""]",,synthetic_team_generated,train
health_ie_0339,sw,Hali hii imeendelea kwa siku tano. Ninahisi dhaifu sana.,adult,"[""weakness""]",5,false,[],,synthetic_team_generated,train
health_ie_0449,en,There is bleeding. I am bleeding. This has been going on today.,adult,"[""bleeding""]",1,false,"[""bleeding""]",,synthetic_team_generated,train
health_ie_0504,sw,Ana homa. Nina maumivu ya tumbo wakati wa ujauzito. Hali hii imeendelea tangu siku mbili zilizopita. Nina homa wakati wa ujauzito.,pregnant,"[""fever"", ""abdominal_pain""]",2,false,"[""fever""]",,synthetic_team_generated,train
health_ie_1134,sw,Hali hii imeendelea kwa siku moja. Mimi ni mjamzito na natokwa na damu. Ninatokwa na damu.,pregnant,"[""bleeding""]",1,false,"[""bleeding""]",,synthetic_team_generated,train
health_ie_0892,en,There is difficulty drinking. very weak. My child has been having diarrhoea. They are unable to drink. This has been going on for four days.,child,"[""diarrhoea""]",4,true,"[""cannot_drink""]",very weak,synthetic_team_generated,train
health_ie_0796,en,There is bleeding. This has been going on since today. I am bleeding.,adult,"[""bleeding""]",1,false,"[""bleeding""]",,synthetic_team_generated,train
health_ie_0981,en,They are unable to drink. very weak. There is difficulty drinking. This has been going on for the last three days. My child is vomiting. The child feels hot and has a fever. My child is very sleepy and weak.,child,"[""fever"", ""vomiting"", ""weakness""]",3,true,"[""cannot_drink""]",very weak,synthetic_team_generated,train
health_ie_0790,en,There is fever. This has been going on since two days ago. I am pregnant and have stomach pain. I am pregnant and have a fever.,pregnant,"[""fever"", ""abdominal_pain""]",2,false,"[""fever""]",,synthetic_team_generated,train
health_ie_0861,en,This has been going on today. The abdominal pain is severe. I am pregnant and have stomach pain.,pregnant,"[""abdominal_pain""]",1,false,"[""severe_abdominal_pain""]",,synthetic_team_generated,train
health_ie_0787,sw,Hanywi vizuri. Hawezi kunywa vizuri. Hali hii imeendelea kwa siku nne. Mtoto wangu anaharisha. very weak.,child,"[""diarrhoea""]",4,true,"[""cannot_drink""]",very weak,synthetic_team_generated,train
health_ie_0831,sw,Hali hii imeendelea tangu leo. Nina maumivu ya kichwa.,adult,"[""headache""]",1,false,[],,synthetic_team_generated,train
health_ie_0251,sw,Hali hii imeendelea tangu siku mbili zilizopita. Nimekuwa na homa.,adult,"[""fever""]",2,false,[],,synthetic_team_generated,train
health_ie_0794,sw,Hali hii imeendelea kwa siku moja. Mimi ni mjamzito na naona maji yanatoka mapema. Maji ya uzazi yanaweza kuwa yametoka mapema.,pregnant,"[""fluid_loss""]",1,false,"[""water_breaking_early""]",,synthetic_team_generated,train
health_ie_0801,en,There is difficulty drinking. There is fever in my child. This has been going on since two days ago. My child has diarrhoea. loose stools.,child,"[""fever"", ""diarrhoea""]",2,true,[],loose stools,synthetic_team_generated,train
health_ie_0966,en,This has been going on for two days. I feel very weak. They have not been drinking well. I keep throwing up.,adult,"[""vomiting"", ""weakness""]",2,true,[],,synthetic_team_generated,train
health_ie_0273,sw,Hawezi kunywa. Mtoto wangu ana homa. very weak. Mtoto anatapika mara kwa mara. Mtoto wangu amelala sana na ni dhaifu. Hali hii imeendelea tangu siku tatu zilizopita. Amekuwa hanywi maji vizuri.,child,"[""fever"", ""vomiting"", ""weakness""]",3,true,"[""cannot_drink""]",very weak,synthetic_team_generated,train
health_ie_0417,sw,Hali hii imeendelea tangu leo. Mtoto anacheza kidogo. Mtoto tumboni anacheza kidogo kuliko kawaida.,pregnant,"[""reduced_fetal_movement""]",1,false,"[""reduced_fetal_movement""]",,synthetic_team_generated,train
health_ie_0583,en,I am struggling to breathe. I have been coughing. There is difficulty breathing. This has been going on for two days.,adult,"[""cough"", ""breathing_difficulty""]",2,false,"[""breathing_difficulty""]",,synthetic_team_generated,train
health_ie_0428,sw,Hali hii imeendelea tangu siku tatu zilizopita. Tumbo langu linauma.,adult,"[""abdominal_pain""]",3,false,[],,synthetic_team_generated,train
health_ie_0023,sw,Mtoto wangu ana homa tangu jana. Mtoto wangu anakohoa. Hali hii imeendelea kwa siku nne.,child,"[""cough"", ""fever""]",4,false,[],,synthetic_team_generated,train
health_ie_0153,en,My child has a fever. The child keeps throwing up. They are unable to drink. There is difficulty drinking. This has been going on for two days. vomiting repeatedly.,child,"[""fever"", ""vomiting""]",2,true,"[""cannot_drink""]",vomiting repeatedly,synthetic_team_generated,train
health_ie_0759,en,vomiting repeatedly. My child is vomiting. They are unable to drink. My child has a fever. There is difficulty drinking. This has been going on for two days.,child,"[""fever"", ""vomiting""]",2,true,"[""cannot_drink""]",vomiting repeatedly,synthetic_team_generated,train
health_ie_0000,sw,Hali hii imeendelea tangu siku mbili zilizopita. Ninahisi joto na nina homa.,adult,"[""fever""]",2,false,[],,synthetic_team_generated,train
health_ie_0336,sw,Hali hii imeendelea tangu leo. Mtoto wangu ana homa tangu jana.,child,"[""fever""]",1,false,[],,synthetic_team_generated,train
health_ie_0652,en,This has been going on for the last three days. I have been feeling feverish. I feel very weak.,adult,"[""fever"", ""weakness""]",3,false,[],,synthetic_team_generated,train
health_ie_0761,en,There is difficulty breathing. I am having trouble breathing. This has been going on for two days. I keep coughing.,adult,"[""cough"", ""breathing_difficulty""]",2,false,"[""breathing_difficulty""]",,synthetic_team_generated,train
health_ie_0975,sw,Anapata shida ya kupumua. Mtoto amekuwa akikohoa. Hali hii imeendelea leo. Mtoto wangu anahangaika kupumua.,child,"[""breathing_difficulty"", ""cough""]",1,false,"[""breathing_difficulty""]",,synthetic_team_generated,train
health_ie_1064,sw,Mtoto wangu anakohoa. Hali hii imeendelea kwa takriban siku nne. Mtoto wangu ana homa.,child,"[""cough"", ""fever""]",4,false,[],,synthetic_team_generated,train
health_ie_0536,sw,Ninaumwa tumbo. Hali hii imeendelea tangu siku tatu zilizopita.,adult,"[""abdominal_pain""]",3,false,[],,synthetic_team_generated,train
health_ie_0259,en,The child has loose stools. They are not drinking well. They are unable to drink. This has been going on for about four days. very weak.,child,"[""diarrhoea""]",4,true,"[""cannot_drink""]",very weak,synthetic_team_generated,train
health_ie_0824,en,This has been going on for four days. I feel hot and have a fever. I have been coughing.,adult,"[""fever"", ""cough""]",4,false,[],,synthetic_team_generated,train
health_ie_1058,en,I have been very tired during pregnancy. This has been going on for nearly five days.,pregnant,"[""fatigue""]",5,false,[],,synthetic_team_generated,train
health_ie_0510,en,The child feels hot and has a fever. My child is very sleepy and weak. very sleepy. This has been going on for the last three days.,child,"[""fever"", ""weakness""]",3,false,[],very sleepy,synthetic_team_generated,train
health_ie_1106,sw,Nimekuwa nikikohoa. Hali hii imeendelea tangu siku mbili zilizopita. Ninapata shida ya kupumua. Anapata shida ya kupumua.,adult,"[""cough"", ""breathing_difficulty""]",2,false,"[""breathing_difficulty""]",,synthetic_team_generated,train
health_ie_0131,en,This has been going on for two days. I find it hard to breathe. There is difficulty breathing. I have been coughing.,adult,"[""cough"", ""breathing_difficulty""]",2,false,"[""breathing_difficulty""]",,synthetic_team_generated,train
health_ie_0643,en,They are unable to drink. There is difficulty drinking. My little one has been feverish. vomiting repeatedly. My child is vomiting. This has been going on for two days.,child,"[""fever"", ""vomiting""]",2,true,"[""cannot_drink""]",vomiting repeatedly,synthetic_team_generated,train
health_ie_0044,en,My child has a cough. There is difficulty breathing. My child is having trouble breathing. This has been going on for one day.,child,"[""breathing_difficulty"", ""cough""]",1,false,"[""breathing_difficulty""]",,synthetic_team_generated,train
health_ie_0840,en,This has been going on since today. I have been vomiting. They have not been drinking well. I have been having diarrhoea.,adult,"[""vomiting"", ""diarrhoea""]",1,true,[],,synthetic_team_generated,train
health_ie_0483,en,They are not drinking well. This has been going on for four days. very weak. They cannot drink. My child has diarrhoea.,child,"[""diarrhoea""]",4,true,"[""cannot_drink""]",very weak,synthetic_team_generated,train
health_ie_0105,en,I am pregnant and feel very tired. This has been going on for nearly five days.,pregnant,"[""fatigue""]",5,false,[],,synthetic_team_generated,train
health_ie_0294,en,They cannot drink. very weak. This has been going on for about four days. They have not been drinking well. My child has been having diarrhoea.,child,"[""diarrhoea""]",4,true,"[""cannot_drink""]",very weak,synthetic_team_generated,train
health_ie_0757,en,There is bleeding during my pregnancy. There is bleeding. This has been going on since today.,pregnant,"[""bleeding""]",1,false,"[""bleeding""]",,synthetic_team_generated,train
health_ie_0998,en,My belly hurts. This has been going on for the last three days.,adult,"[""abdominal_pain""]",3,false,[],,synthetic_team_generated,train
health_ie_1059,sw,Mtoto wangu ana homa tangu jana. Hali hii imeendelea leo.,child,"[""fever""]",1,false,[],,synthetic_team_generated,train
health_ie_0160,en,This has been going on for nearly five days. My child has a cough.,child,"[""cough""]",5,false,[],,synthetic_team_generated,train
health_ie_0623,sw,Mimi ni mjamzito na mtoto anacheza kidogo. Mtoto anacheza kidogo. Hali hii imeendelea kwa siku moja.,pregnant,"[""reduced_fetal_movement""]",1,false,"[""reduced_fetal_movement""]",,synthetic_team_generated,train
health_ie_0993,sw,Nina homa. Nimekuwa dhaifu. Hali hii imeendelea tangu siku tatu zilizopita.,adult,"[""fever"", ""weakness""]",3,false,[],,synthetic_team_generated,train
health_ie_0002,sw,Hali hii imeendelea kwa siku tatu. not drinking well. Amekuwa hanywi maji vizuri. Mtoto wangu ana homa.,child,"[""fever""]",3,true,[],not drinking well,synthetic_team_generated,train
health_ie_0555,en,I have a cough. This has been going on for about four days. I feel hot and have a fever.,adult,"[""fever"", ""cough""]",4,false,[],,synthetic_team_generated,train
health_ie_0463,en,This has been going on for three days. I have been unusually weak. I feel hot and have a fever.,adult,"[""fever"", ""weakness""]",3,false,[],,synthetic_team_generated,train
health_ie_0560,en,I keep coughing. There is difficulty breathing. This has been going on for two days. I am struggling to breathe.,adult,"[""cough"", ""breathing_difficulty""]",2,false,"[""breathing_difficulty""]",,synthetic_team_generated,train
health_ie_0458,en,This has been going on for five days. I have been unusually weak.,adult,"[""weakness""]",5,false,[],,synthetic_team_generated,train
health_ie_1075,en,The child is unusually tired and weak. This has been going on for three days. The child feels hot and has a fever. very sleepy.,child,"[""fever"", ""weakness""]",3,false,[],very sleepy,synthetic_team_generated,train
health_ie_0904,sw,Mtoto wangu ana homa. Hali hii imeendelea kwa siku mbili. Mtoto alipata degedege. had a seizure.,child,"[""fever""]",2,false,"[""convulsions""]",had a seizure,synthetic_team_generated,train
health_ie_0106,en,I feel tired and weak. This has been going on for nearly five days.,adult,"[""weakness""]",5,false,[],,synthetic_team_generated,train
health_ie_0420,en,I have belly pain during pregnancy. There is fever. This has been going on for two days. I am pregnant and have a fever.,pregnant,"[""fever"", ""abdominal_pain""]",2,false,"[""fever""]",,synthetic_team_generated,train
health_ie_0525,en,My child seems very weak. This has been going on for three days. They are not drinking well. very weak. The child feels hot and has a fever. They cannot drink. The child keeps throwing up.,child,"[""fever"", ""vomiting"", ""weakness""]",3,true,"[""cannot_drink""]",very weak,synthetic_team_generated,train
health_ie_0604,sw,Ninahisi joto na nina homa. Hali hii imeendelea tangu siku mbili zilizopita.,adult,"[""fever""]",2,false,[],,synthetic_team_generated,train
health_ie_0687,en,I have been vomiting. This has been going on for one day. They are not drinking well. I have loose stools.,adult,"[""vomiting"", ""diarrhoea""]",1,true,[],,synthetic_team_generated,train
health_ie_0593,sw,Mimi ni mjamzito na tumbo linauma. Hali hii imeendelea tangu siku mbili zilizopita. Nina homa wakati wa ujauzito. Ana homa.,pregnant,"[""fever"", ""abdominal_pain""]",2,false,"[""fever""]",,synthetic_team_generated,train
health_ie_0419,en,There were convulsions. had a seizure. This has been going on for two days. The child feels hot and has a fever.,child,"[""fever""]",2,false,"[""convulsions""]",had a seizure,synthetic_team_generated,train
health_ie_0893,en,This has been going on for two days. I feel hot and have a fever.,adult,"[""fever""]",2,false,[],,synthetic_team_generated,train
health_ie_1007,sw,Mtoto wangu anakohoa. Hali hii imeendelea kwa siku tano.,child,"[""cough""]",5,false,[],,synthetic_team_generated,train
health_ie_0299,sw,Hali hii imeendelea kwa siku mbili. Nimekuwa nikikohoa. Anapata shida ya kupumua. Ni vigumu kwangu kupumua.,adult,"[""cough"", ""breathing_difficulty""]",2,false,"[""breathing_difficulty""]",,synthetic_team_generated,train
health_ie_0622,en,This has been going on for one day. My child has a fever.,child,"[""fever""]",1,false,[],,synthetic_team_generated,train
health_ie_0718,sw,Hali hii imeendelea kwa siku moja. Kichwa changu kinauma.,adult,"[""headache""]",1,false,[],,synthetic_team_generated,train
health_ie_1102,en,The abdominal pain is severe. This has been going on since today. I am pregnant and have stomach pain.,pregnant,"[""abdominal_pain""]",1,false,"[""severe_abdominal_pain""]",,synthetic_team_generated,train
health_ie_0271,en,My little one has been feverish. My child seems very weak. very sleepy. This has been going on for the last three days.,child,"[""fever"", ""weakness""]",3,false,[],very sleepy,synthetic_team_generated,train
health_ie_0415,en,This has been going on today. I think my water is leaking during pregnancy. The water may have broken early.,pregnant,"[""fluid_loss""]",1,false,"[""water_breaking_early""]",,synthetic_team_generated,train
health_ie_0557,en,I have been vomiting. I have loose stools. They have not been drinking well. This has been going on for one day.,adult,"[""vomiting"", ""diarrhoea""]",1,true,[],,synthetic_team_generated,train
health_ie_1038,en,This has been going on since two days ago. I have a fever.,adult,"[""fever""]",2,false,[],,synthetic_team_generated,train
health_ie_0502,sw,Hali hii imeendelea kwa siku tano. Ninahisi dhaifu sana.,adult,"[""weakness""]",5,false,[],,synthetic_team_generated,train
health_ie_0284,sw,Mtoto wangu ana kikohozi. Hali hii imeendelea kwa karibu siku tano.,child,"[""cough""]",5,false,[],,synthetic_team_generated,train
health_ie_0201,en,I have belly pain during pregnancy. I am pregnant and have a fever. This has been going on for two days. There is fever.,pregnant,"[""fever"", ""abdominal_pain""]",2,false,"[""fever""]",,synthetic_team_generated,train
health_ie_0010,en,My child keeps coughing. There is difficulty breathing. My child is breathing with difficulty. This has been going on for one day.,child,"[""breathing_difficulty"", ""cough""]",1,false,"[""breathing_difficulty""]",,synthetic_team_generated,train
health_ie_0358,sw,Mtoto ana joto na ana homa. had a seizure. Hali hii imeendelea tangu siku mbili zilizopita. Mtoto alipata degedege.,child,"[""fever""]",2,false,"[""convulsions""]",had a seizure,synthetic_team_generated,train
health_ie_0416,sw,Mtoto wangu ana homa. Hali hii imeendelea leo.,child,"[""fever""]",1,false,[],,synthetic_team_generated,train
health_ie_0207,en,I am pregnant and keep vomiting. This has been going on since two days ago. They have not been drinking well.,pregnant,"[""vomiting""]",2,true,[],,synthetic_team_generated,train
health_ie_0847,en,This has been going on since today. My child has a cough. The child is struggling to breathe. There is difficulty breathing.,child,"[""breathing_difficulty"", ""cough""]",1,false,"[""breathing_difficulty""]",,synthetic_team_generated,train
health_ie_0813,en,not drinking well. This has been going on for three days. My child has been hot since yesterday. They are not drinking well.,child,"[""fever""]",3,true,[],not drinking well,synthetic_team_generated,train
health_ie_0495,en,loose stools. They are not drinking well. My child has been having diarrhoea. This has been going on for one day.,child,"[""diarrhoea""]",1,true,[],loose stools,synthetic_team_generated,train
health_ie_0973,en,The baby is moving less than usual. The baby is moving less. This has been going on today.,pregnant,"[""reduced_fetal_movement""]",1,false,"[""reduced_fetal_movement""]",,synthetic_team_generated,train
health_ie_0365,en,This has been going on for two days. I am pregnant and keep vomiting. There is difficulty drinking.,pregnant,"[""vomiting""]",2,true,[],,synthetic_team_generated,train
health_ie_0879,en,I am pregnant and have stomach pain. This has been going on today. The abdominal pain is severe.,pregnant,"[""abdominal_pain""]",1,false,"[""severe_abdominal_pain""]",,synthetic_team_generated,train
health_ie_1166,en,I keep coughing. I find it hard to breathe. There is difficulty breathing. This has been going on since two days ago.,adult,"[""cough"", ""breathing_difficulty""]",2,false,"[""breathing_difficulty""]",,synthetic_team_generated,train
health_ie_0050,en,My head hurts. This has been going on today.,adult,"[""headache""]",1,false,[],,synthetic_team_generated,train
health_ie_0064,en,I am pregnant and feel very tired. This has been going on for nearly five days.,pregnant,"[""fatigue""]",5,false,[],,synthetic_team_generated,train
health_ie_0980,en,This has been going on for five days. I feel tired and weak.,adult,"[""weakness""]",5,false,[],,synthetic_team_generated,train
health_ie_1177,en,I have stomach pain. This has been going on for three days.,adult,"[""abdominal_pain""]",3,false,[],,synthetic_team_generated,train
health_ie_0222,sw,Nina maumivu ya kichwa. Hali hii imeendelea tangu leo.,adult,"[""headache""]",1,false,[],,synthetic_team_generated,train
health_ie_1071,en,loose stools. There is fever in my child. The child has loose stools. This has been going on for two days. They are not drinking well.,child,"[""fever"", ""diarrhoea""]",2,true,[],loose stools,synthetic_team_generated,train
health_ie_1162,sw,Nina maumivu ya kichwa. Hali hii imeendelea leo.,adult,"[""headache""]",1,false,[],,synthetic_team_generated,train
health_ie_1103,en,My little one has been feverish. This has been going on since today.,child,"[""fever""]",1,false,[],,synthetic_team_generated,train
health_ie_1131,en,My belly hurts. This has been going on for the last three days.,adult,"[""abdominal_pain""]",3,false,[],,synthetic_team_generated,train
health_ie_0635,en,I have been vomiting. They have not been drinking well. I have been having diarrhoea. This has been going on since today.,adult,"[""vomiting"", ""diarrhoea""]",1,true,[],,synthetic_team_generated,train
health_ie_0587,en,I am pregnant and have been vomiting. This has been going on since two days ago. They are not drinking well.,pregnant,"[""vomiting""]",2,true,[],,synthetic_team_generated,train
health_ie_0406,en,They are unable to drink. My child has a fever. This has been going on since two days ago. vomiting repeatedly. There is difficulty drinking. My child is vomiting.,child,"[""fever"", ""vomiting""]",2,true,"[""cannot_drink""]",vomiting repeatedly,synthetic_team_generated,train
health_ie_1032,en,very sleepy. This has been going on for the last three days. My child is very sleepy and weak. My child has a fever.,child,"[""fever"", ""weakness""]",3,false,[],very sleepy,synthetic_team_generated,train
health_ie_1001,sw,Mtoto anacheza kidogo. Mtoto tumboni anacheza kidogo kuliko kawaida. Hali hii imeendelea kwa siku moja.,pregnant,"[""reduced_fetal_movement""]",1,false,"[""reduced_fetal_movement""]",,synthetic_team_generated,train
health_ie_1097,en,They are not drinking well. The child keeps throwing up. vomiting repeatedly. My child has been hot since yesterday. They are unable to drink. This has been going on since two days ago.,child,"[""fever"", ""vomiting""]",2,true,"[""cannot_drink""]",vomiting repeatedly,synthetic_team_generated,train
health_ie_0995,en,There were convulsions. My little one has been feverish. This has been going on for two days. had a seizure.,child,"[""fever""]",2,false,"[""convulsions""]",had a seizure,synthetic_team_generated,train
health_ie_0842,en,This has been going on for about four days. I have a fever. I keep coughing.,adult,"[""fever"", ""cough""]",4,false,[],,synthetic_team_generated,train
health_ie_0712,en,I think my water is leaking during pregnancy. This has been going on for one day. The water may have broken early.,pregnant,"[""fluid_loss""]",1,false,"[""water_breaking_early""]",,synthetic_team_generated,train
health_ie_0293,en,There is bleeding. This has been going on since today. I have some bleeding.,adult,"[""bleeding""]",1,false,"[""bleeding""]",,synthetic_team_generated,train
health_ie_1039,en,The child had a seizure. had a seizure. My child has a fever. This has been going on since two days ago.,child,"[""fever""]",2,false,"[""convulsions""]",had a seizure,synthetic_team_generated,train
health_ie_0011,sw,Kichwa changu kinauma. Naona ukungu. Hali hii imeendelea tangu leo. Macho yangu hayaoni vizuri naona ukungu.,adult,"[""headache"", ""blurred_vision""]",1,false,"[""blurred_vision""]",,synthetic_team_generated,train
health_ie_0115,en,My child keeps coughing. My child has been hot since yesterday. This has been going on for four days.,child,"[""cough"", ""fever""]",4,false,[],,synthetic_team_generated,train
health_ie_0856,sw,Nina damu inayotoka. Hali hii imeendelea tangu leo. Ninatokwa na damu.,adult,"[""bleeding""]",1,false,"[""bleeding""]",,synthetic_team_generated,train
health_ie_0465,en,This has been going on for five days. I have been unusually weak.,adult,"[""weakness""]",5,false,[],,synthetic_team_generated,train
health_ie_1114,en,The child has been coughing. There is difficulty breathing. My child is breathing with difficulty. This has been going on since today.,child,"[""breathing_difficulty"", ""cough""]",1,false,"[""breathing_difficulty""]",,synthetic_team_generated,train
health_ie_0328,en,This has been going on since today. My head hurts.,adult,"[""headache""]",1,false,[],,synthetic_team_generated,train
health_ie_0572,en,I have a cough. There is difficulty breathing. I am having trouble breathing. This has been going on since two days ago.,adult,"[""cough"", ""breathing_difficulty""]",2,false,"[""breathing_difficulty""]",,synthetic_team_generated,train
health_ie_0916,en,There is bleeding. This has been going on since today. I am pregnant and I am bleeding.,pregnant,"[""bleeding""]",1,false,"[""bleeding""]",,synthetic_team_generated,train
health_ie_0915,en,This has been going on for one day. They have not been drinking well. I have diarrhoea. I have been vomiting.,adult,"[""vomiting"", ""diarrhoea""]",1,true,[],,synthetic_team_generated,train
health_ie_0880,sw,Maumivu ya kichwa ni makali. Hali hii imeendelea leo. Ninaumwa kichwa wakati wa ujauzito. Macho yangu yanaona ukungu wakati wa ujauzito.,pregnant,"[""headache"", ""blurred_vision""]",1,false,"[""severe_headache""]",,synthetic_team_generated,train
health_ie_0061,sw,Mtoto alipata degedege. Mtoto wangu ana homa tangu jana. Hali hii imeendelea tangu siku mbili zilizopita. had a seizure.,child,"[""fever""]",2,false,"[""convulsions""]",had a seizure,synthetic_team_generated,train
health_ie_0005,en,This has been going on since two days ago. loose stools. My child has been having diarrhoea. My little one has been feverish. They are not drinking well.,child,"[""fever"", ""diarrhoea""]",2,true,[],loose stools,synthetic_team_generated,train
health_ie_0188,en,This has been going on today. I am pregnant and the baby is moving less. The baby is moving less.,pregnant,"[""reduced_fetal_movement""]",1,false,"[""reduced_fetal_movement""]",,synthetic_team_generated,train
health_ie_0595,en,I have been feeling feverish. This has been going on for about four days. I have been coughing.,adult,"[""fever"", ""cough""]",4,false,[],,synthetic_team_generated,train
health_ie_0885,en,This has been going on for one day. I have a headache.,adult,"[""headache""]",1,false,[],,synthetic_team_generated,train
health_ie_1056,en,This has been going on today. The baby is moving less than usual. The baby is moving less.,pregnant,"[""reduced_fetal_movement""]",1,false,"[""reduced_fetal_movement""]",,synthetic_team_generated,train
health_ie_1092,en,My child has been sick and vomiting. There is difficulty drinking. My child has a fever. This has been going on for three days. They are unable to drink. very weak. My child seems very weak.,child,"[""fever"", ""vomiting"", ""weakness""]",3,true,"[""cannot_drink""]",very weak,synthetic_team_generated,train
health_ie_0195,sw,Mtoto wangu ana homa. Mtoto wangu anakohoa. Hali hii imeendelea kwa siku nne.,child,"[""cough"", ""fever""]",4,false,[],,synthetic_team_generated,train
health_ie_0332,sw,Ana homa. Nina homa wakati wa ujauzito. Hali hii imeendelea kwa siku mbili. Mimi ni mjamzito na tumbo linauma.,pregnant,"[""fever"", ""abdominal_pain""]",2,false,"[""fever""]",,synthetic_team_generated,train
health_ie_1095,en,The abdominal pain is severe. I have belly pain during pregnancy. This has been going on since today.,pregnant,"[""abdominal_pain""]",1,false,"[""severe_abdominal_pain""]",,synthetic_team_generated,train
health_ie_1142,sw,Nadhani maji ya uzazi yanavuja wakati wa ujauzito. Hali hii imeendelea tangu leo. Maji ya uzazi yanaweza kuwa yametoka mapema.,pregnant,"[""fluid_loss""]",1,false,"[""water_breaking_early""]",,synthetic_team_generated,train
health_ie_0237,en,I am pregnant and feel very tired. This has been going on for nearly five days.,pregnant,"[""fatigue""]",5,false,[],,synthetic_team_generated,train
health_ie_1181,en,had a seizure. This has been going on since two days ago. My child has a fever. The child had a seizure.,child,"[""fever""]",2,false,"[""convulsions""]",had a seizure,synthetic_team_generated,train
health_ie_0045,en,My child seems very weak. My little one has been feverish. This has been going on for the last three days. very sleepy.,child,"[""fever"", ""weakness""]",3,false,[],very sleepy,synthetic_team_generated,train
health_ie_1193,sw,Mtoto wangu anapata shida ya kupumua. Anapata shida ya kupumua. Hali hii imeendelea leo. Mtoto amekuwa akikohoa.,child,"[""breathing_difficulty"", ""cough""]",1,false,"[""breathing_difficulty""]",,synthetic_team_generated,train
health_ie_1115,en,This has been going on today. I have loose stools. There is difficulty drinking. I have been vomiting.,adult,"[""vomiting"", ""diarrhoea""]",1,true,[],,synthetic_team_generated,train
health_ie_1105,en,I feel very weak. This has been going on for the last three days. I have a fever.,adult,"[""fever"", ""weakness""]",3,false,[],,synthetic_team_generated,train
health_ie_0354,en,This has been going on for two days. There were convulsions. My child has a fever. had a seizure.,child,"[""fever""]",2,false,"[""convulsions""]",had a seizure,synthetic_team_generated,train
health_ie_0601,en,This has been going on for three days. I have abdominal pain.,adult,"[""abdominal_pain""]",3,false,[],,synthetic_team_generated,train
health_ie_0614,en,My child keeps coughing. The child feels hot and has a fever. This has been going on for four days.,child,"[""cough"", ""fever""]",4,false,[],,synthetic_team_generated,train
health_ie_0381,en,This has been going on today. My vision is blurred. I have a headache. I am seeing blurry.,adult,"[""headache"", ""blurred_vision""]",1,false,"[""blurred_vision""]",,synthetic_team_generated,train
health_ie_0645,sw,Mtoto wangu ana homa tangu jana. Hali hii imeendelea kwa takriban siku nne. Mtoto wangu anakohoa.,child,"[""cough"", ""fever""]",4,false,[],,synthetic_team_generated,train
health_ie_0088,en,The water may have broken early. This has been going on today. I think my water is leaking during pregnancy.,pregnant,"[""fluid_loss""]",1,false,"[""water_breaking_early""]",,synthetic_team_generated,train
health_ie_1127,sw,Hali hii imeendelea tangu siku tatu zilizopita. Ninaumwa tumbo.,adult,"[""abdominal_pain""]",3,false,[],,synthetic_team_generated,train
health_ie_0305,en,I have belly pain during pregnancy. There is fever. I have a fever during pregnancy. This has been going on for two days.,pregnant,"[""fever"", ""abdominal_pain""]",2,false,"[""fever""]",,synthetic_team_generated,train
health_ie_0815,en,I find it hard to breathe. This has been going on for two days. I have been coughing. There is difficulty breathing.,adult,"[""cough"", ""breathing_difficulty""]",2,false,"[""breathing_difficulty""]",,synthetic_team_generated,train
health_ie_0154,en,They have not been drinking well. loose stools. This has been going on since two days ago. There is fever in my child. My child has diarrhoea.,child,"[""fever"", ""diarrhoea""]",2,true,[],loose stools,synthetic_team_generated,train
health_ie_0668,en,vomiting repeatedly. There is fever in my child. This has been going on for two days. They are unable to drink. The child keeps throwing up. They are not drinking well.,child,"[""fever"", ""vomiting""]",2,true,"[""cannot_drink""]",vomiting repeatedly,synthetic_team_generated,train
health_ie_0203,sw,Mtoto ana joto na ana homa. Amekuwa hanywi maji vizuri. not drinking well. Hali hii imeendelea tangu siku tatu zilizopita.,child,"[""fever""]",3,true,[],not drinking well,synthetic_team_generated,train
health_ie_0123,sw,loose stools. Mtoto wangu ana homa tangu jana. Amekuwa hanywi maji vizuri. Hali hii imeendelea kwa siku mbili. Mtoto wangu amekuwa akiharisha.,child,"[""fever"", ""diarrhoea""]",2,true,[],loose stools,synthetic_team_generated,train
health_ie_1037,en,There is difficulty drinking. They are unable to drink. My child has been sick and vomiting. This has been going on for two days. vomiting repeatedly. My little one has been feverish.,child,"[""fever"", ""vomiting""]",2,true,"[""cannot_drink""]",vomiting repeatedly,synthetic_team_generated,train
health_ie_0691,sw,Mimi ni mjamzito na ninatapika. Hali hii imeendelea kwa siku mbili. Hanywi vizuri.,pregnant,"[""vomiting""]",2,true,[],,synthetic_team_generated,train
health_ie_0986,sw,Nina maumivu ya kichwa. Hali hii imeendelea tangu leo.,adult,"[""headache""]",1,false,[],,synthetic_team_generated,train
health_ie_1063,en,I have been very tired during pregnancy. This has been going on for nearly five days.,pregnant,"[""fatigue""]",5,false,[],,synthetic_team_generated,train
health_ie_0152,en,I have abdominal pain. This has been going on for the last three days.,adult,"[""abdominal_pain""]",3,false,[],,synthetic_team_generated,train
health_ie_0444,en,This has been going on for two days. They are not drinking well. The child feels hot and has a fever. loose stools. My child has diarrhoea.,child,"[""fever"", ""diarrhoea""]",2,true,[],loose stools,synthetic_team_generated,train
health_ie_0346,en,very weak. My child has been having diarrhoea. They have not been drinking well. This has been going on for about four days. They are unable to drink.,child,"[""diarrhoea""]",4,true,"[""cannot_drink""]",very weak,synthetic_team_generated,train
health_ie_0120,sw,Hali hii imeendelea kwa siku tatu. Mtoto ana joto na ana homa. Mtoto wangu amelala sana na ni dhaifu. very sleepy.,child,"[""fever"", ""weakness""]",3,false,[],very sleepy,synthetic_team_generated,train
health_ie_0564,sw,Mtoto wangu anakohoa. Hali hii imeendelea kwa karibu siku tano.,child,"[""cough""]",5,false,[],,synthetic_team_generated,train
health_ie_0563,sw,Hali hii imeendelea leo. Mtoto tumboni anacheza kidogo kuliko kawaida. Mtoto anacheza kidogo.,pregnant,"[""reduced_fetal_movement""]",1,false,"[""reduced_fetal_movement""]",,synthetic_team_generated,train
health_ie_0485,en,My child has a fever. My child seems very weak. This has been going on for the last three days. very sleepy.,child,"[""fever"", ""weakness""]",3,false,[],very sleepy,synthetic_team_generated,train
health_ie_0716,en,This has been going on for nearly five days. My child has a cough.,child,"[""cough""]",5,false,[],,synthetic_team_generated,train
health_ie_0098,sw,Mtoto ana joto na ana homa. Mtoto wangu anakohoa. Hali hii imeendelea kwa siku nne.,child,"[""cough"", ""fever""]",4,false,[],,synthetic_team_generated,train
health_ie_1122,en,My vision is blurred. This has been going on for one day. My vision is blurred. My head hurts.,adult,"[""headache"", ""blurred_vision""]",1,false,"[""blurred_vision""]",,synthetic_team_generated,train
health_ie_0846,sw,Hali hii imeendelea leo. Mtoto wangu anapata shida ya kupumua. Mtoto amekuwa akikohoa. Anapata shida ya kupumua.,child,"[""breathing_difficulty"", ""cough""]",1,false,"[""breathing_difficulty""]",,synthetic_team_generated,train
health_ie_0835,en,My child has a fever. They are not drinking well. This has been going on for three days. not drinking well.,child,"[""fever""]",3,true,[],not drinking well,synthetic_team_generated,train
health_ie_1087,en,This has been going on since today. My vision is blurred. I have a headache. My vision is blurred.,adult,"[""headache"", ""blurred_vision""]",1,false,"[""blurred_vision""]",,synthetic_team_generated,train
health_ie_0862,sw,Nimekuwa na homa. Hali hii imeendelea kwa siku mbili.,adult,"[""fever""]",2,false,[],,synthetic_team_generated,train
health_ie_0104,sw,Hanywi vizuri. loose stools. Mtoto wangu amekuwa akiharisha. Hali hii imeendelea tangu leo.,child,"[""diarrhoea""]",1,true,[],loose stools,synthetic_team_generated,train
health_ie_0870,en,There is bleeding. This has been going on today. I am bleeding.,adult,"[""bleeding""]",1,false,"[""bleeding""]",,synthetic_team_generated,train
health_ie_0853,en,There is bleeding during my pregnancy. There is bleeding. This has been going on today.,pregnant,"[""bleeding""]",1,false,"[""bleeding""]",,synthetic_team_generated,train
health_ie_1194,en,I have been unusually weak. This has been going on for nearly five days.,adult,"[""weakness""]",5,false,[],,synthetic_team_generated,train
health_ie_0223,en,This has been going on since two days ago. I find it hard to breathe. There is difficulty breathing. I keep coughing.,adult,"[""cough"", ""breathing_difficulty""]",2,false,"[""breathing_difficulty""]",,synthetic_team_generated,train
health_ie_0811,en,This has been going on since two days ago. had a seizure. The child had a seizure. My little one has been feverish.,child,"[""fever""]",2,false,"[""convulsions""]",had a seizure,synthetic_team_generated,train
health_ie_0588,en,This has been going on for five days. My child keeps coughing.,child,"[""cough""]",5,false,[],,synthetic_team_generated,train
health_ie_1163,sw,Hali hii imeendelea tangu siku tatu zilizopita. Ninaumwa tumbo.,adult,"[""abdominal_pain""]",3,false,[],,synthetic_team_generated,train
health_ie_0494,en,I keep throwing up. I feel very weak. They are not drinking well. This has been going on for two days.,adult,"[""vomiting"", ""weakness""]",2,true,[],,synthetic_team_generated,train
health_ie_1019,sw,Ana shida ya kunywa. Mimi ni mjamzito na ninatapika. Hali hii imeendelea tangu siku mbili zilizopita.,pregnant,"[""vomiting""]",2,true,[],,synthetic_team_generated,train
health_ie_0140,en,There is fever in my child. They cannot drink. vomiting repeatedly. This has been going on for two days. There is difficulty drinking. My child has been sick and vomiting.,child,"[""fever"", ""vomiting""]",2,true,"[""cannot_drink""]",vomiting repeatedly,synthetic_team_generated,train
health_ie_0167,sw,Ana shida ya kunywa. Hali hii imeendelea kwa siku moja. loose stools. Mtoto wangu anaharisha.,child,"[""diarrhoea""]",1,true,[],loose stools,synthetic_team_generated,train
health_ie_0468,en,I am pregnant and have a fever. I have belly pain during pregnancy. There is fever. This has been going on since two days ago.,pregnant,"[""fever"", ""abdominal_pain""]",2,false,"[""fever""]",,synthetic_team_generated,train
health_ie_0311,sw,Mimi ni mjamzito na tumbo linauma. Nina homa wakati wa ujauzito. Hali hii imeendelea kwa siku mbili. Ana homa.,pregnant,"[""fever"", ""abdominal_pain""]",2,false,"[""fever""]",,synthetic_team_generated,train
health_ie_0055,en,They are unable to drink. The child has loose stools. This has been going on for four days. very weak. They are not drinking well.,child,"[""diarrhoea""]",4,true,"[""cannot_drink""]",very weak,synthetic_team_generated,train
health_ie_0331,en,I think my water is leaking during pregnancy. This has been going on since today. The water may have broken early.,pregnant,"[""fluid_loss""]",1,false,"[""water_breaking_early""]",,synthetic_team_generated,train
health_ie_0134,en,My little one has been feverish. vomiting repeatedly. The child keeps throwing up. They have not been drinking well. They cannot drink. This has been going on since two days ago.,child,"[""fever"", ""vomiting""]",2,true,"[""cannot_drink""]",vomiting repeatedly,synthetic_team_generated,train
health_ie_0741,en,This has been going on for one day. There is bleeding. I am bleeding.,adult,"[""bleeding""]",1,false,"[""bleeding""]",,synthetic_team_generated,train
health_ie_0403,en,I have loose stools. This has been going on for one day. They are not drinking well. I have been vomiting.,adult,"[""vomiting"", ""diarrhoea""]",1,true,[],,synthetic_team_generated,train
health_ie_0671,en,This has been going on since today. The baby is moving less than usual. The baby is moving less.,pregnant,"[""reduced_fetal_movement""]",1,false,"[""reduced_fetal_movement""]",,synthetic_team_generated,train
health_ie_0603,sw,Mtoto wangu anatapika. Hali hii imeendelea kwa siku mbili. Mtoto wangu ana homa. Hawezi kunywa vizuri. vomiting repeatedly. Amekuwa hanywi maji vizuri.,child,"[""fever"", ""vomiting""]",2,true,"[""cannot_drink""]",vomiting repeatedly,synthetic_team_generated,train
health_ie_0289,en,This has been going on for five days. I feel tired and weak.,adult,"[""weakness""]",5,false,[],,synthetic_team_generated,train
health_ie_0540,sw,Mtoto wangu ana homa tangu jana. Mtoto wangu anaharisha. Hali hii imeendelea kwa siku mbili. loose stools. Hanywi vizuri.,child,"[""fever"", ""diarrhoea""]",2,true,[],loose stools,synthetic_team_generated,train
health_ie_0947,en,I have been vomiting. This has been going on for two days. They have not been drinking well. I have been unusually weak.,adult,"[""vomiting"", ""weakness""]",2,true,[],,synthetic_team_generated,train
health_ie_0552,sw,Hali hii imeendelea kwa siku mbili. Anapata shida ya kupumua. Ni vigumu kwangu kupumua. Nina kikohozi.,adult,"[""cough"", ""breathing_difficulty""]",2,false,"[""breathing_difficulty""]",,synthetic_team_generated,train
health_ie_0400,en,This has been going on today. There is fever in my child.,child,"[""fever""]",1,false,[],,synthetic_team_generated,train
health_ie_0679,sw,Maumivu ya kichwa ni makali. Macho yangu yanaona ukungu wakati wa ujauzito. Hali hii imeendelea leo. Mimi ni mjamzito na nina maumivu ya kichwa.,pregnant,"[""headache"", ""blurred_vision""]",1,false,"[""severe_headache""]",,synthetic_team_generated,train
health_ie_0925,en,My head hurts. My vision is blurred. This has been going on since today. My vision is blurred.,adult,"[""headache"", ""blurred_vision""]",1,false,"[""blurred_vision""]",,synthetic_team_generated,train
health_ie_1164,sw,Nimekuwa nikitapika. Hanywi vizuri. Hali hii imeendelea kwa siku moja. Nimekuwa nikiharisha.,adult,"[""vomiting"", ""diarrhoea""]",1,true,[],,synthetic_team_generated,train
health_ie_0731,en,This has been going on for three days. not drinking well. The child feels hot and has a fever. They have not been drinking well.,child,"[""fever""]",3,true,[],not drinking well,synthetic_team_generated,train
health_ie_0661,en,This has been going on since two days ago. There is difficulty drinking. I have been vomiting. I have been unusually weak.,adult,"[""vomiting"", ""weakness""]",2,true,[],,synthetic_team_generated,train
health_ie_1151,sw,Hanywi vizuri. Mtoto wangu anaharisha. Hawezi kunywa. very weak. Hali hii imeendelea kwa takriban siku nne.,child,"[""diarrhoea""]",4,true,"[""cannot_drink""]",very weak,synthetic_team_generated,train
health_ie_0163,en,I have a fever. This has been going on for two days.,adult,"[""fever""]",2,false,[],,synthetic_team_generated,train
health_ie_0306,sw,Hali hii imeendelea tangu siku mbili zilizopita. Amekuwa hanywi maji vizuri. Mimi ni mjamzito na nimetapika mara nyingi.,pregnant,"[""vomiting""]",2,true,[],,synthetic_team_generated,train
health_ie_0401,en,I am bleeding. This has been going on since today. There is bleeding.,adult,"[""bleeding""]",1,false,"[""bleeding""]",,synthetic_team_generated,train
health_ie_0499,en,This has been going on for four days. There is difficulty drinking. very weak. The child has loose stools. They cannot drink.,child,"[""diarrhoea""]",4,true,"[""cannot_drink""]",very weak,synthetic_team_generated,train
health_ie_0183,sw,Mtoto wangu amekuwa akitapika. Hali hii imeendelea tangu siku tatu zilizopita. Mtoto wangu amelala sana na ni dhaifu. Hanywi vizuri. Mtoto wangu ana homa. very weak. Hawezi kunywa.,child,"[""fever"", ""vomiting"", ""weakness""]",3,true,"[""cannot_drink""]",very weak,synthetic_team_generated,train
health_ie_1010,en,They are not drinking well. I keep throwing up. This has been going on since two days ago. I feel tired and weak.,adult,"[""vomiting"", ""weakness""]",2,true,[],,synthetic_team_generated,train
health_ie_0230,sw,Mtoto wangu ana homa tangu jana. Hali hii imeendelea tangu siku tatu zilizopita. Hawezi kunywa. Mtoto wangu amekuwa akitapika. very weak. Hanywi vizuri. Mtoto wangu ni dhaifu sana.,child,"[""fever"", ""vomiting"", ""weakness""]",3,true,"[""cannot_drink""]",very weak,synthetic_team_generated,train
health_ie_1198,en,This has been going on for one day. I have some bleeding. There is bleeding.,adult,"[""bleeding""]",1,false,"[""bleeding""]",,synthetic_team_generated,train
health_ie_0942,sw,Hali hii imeendelea kwa siku mbili. Amekuwa hanywi maji vizuri. Ninatapika. Ninahisi uchovu na udhaifu.,adult,"[""vomiting"", ""weakness""]",2,true,[],,synthetic_team_generated,train
health_ie_0927,en,This has been going on for two days. loose stools. There is difficulty drinking. My little one has been feverish. The child has loose stools.,child,"[""fever"", ""diarrhoea""]",2,true,[],loose stools,synthetic_team_generated,train
health_ie_0775,en,This has been going on today. My child is breathing with difficulty. The child has been coughing. There is difficulty breathing.,child,"[""breathing_difficulty"", ""cough""]",1,false,"[""breathing_difficulty""]",,synthetic_team_generated,train
health_ie_0385,en,This has been going on since today. I am pregnant and my water may have broken early. The water may have broken early.,pregnant,"[""fluid_loss""]",1,false,"[""water_breaking_early""]",,synthetic_team_generated,train
health_ie_0298,en,There is fever in my child. This has been going on for the last three days. They are not drinking well. not drinking well.,child,"[""fever""]",3,true,[],not drinking well,synthetic_team_generated,train
health_ie_0506,en,The child is unusually tired and weak. very sleepy. My little one has been feverish. This has been going on for the last three days.,child,"[""fever"", ""weakness""]",3,false,[],very sleepy,synthetic_team_generated,train
health_ie_1110,en,I am pregnant and my water may have broken early. The water may have broken early. This has been going on today.,pregnant,"[""fluid_loss""]",1,false,"[""water_breaking_early""]",,synthetic_team_generated,train
health_ie_0961,en,The abdominal pain is severe. This has been going on for one day. I have belly pain during pregnancy.,pregnant,"[""abdominal_pain""]",1,false,"[""severe_abdominal_pain""]",,synthetic_team_generated,train
health_ie_0280,en,The child has been coughing. My little one has been feverish. This has been going on for four days.,child,"[""cough"", ""fever""]",4,false,[],,synthetic_team_generated,train
health_ie_0774,sw,Nina kikohozi. Anapata shida ya kupumua. Ninapata shida ya kupumua. Hali hii imeendelea kwa siku mbili.,adult,"[""cough"", ""breathing_difficulty""]",2,false,"[""breathing_difficulty""]",,synthetic_team_generated,train
health_ie_0782,en,This has been going on since today. I have some bleeding. There is bleeding.,adult,"[""bleeding""]",1,false,"[""bleeding""]",,synthetic_team_generated,train
health_ie_0316,sw,Hali hii imeendelea leo. Mtoto wangu ana kikohozi. Mtoto wangu anahangaika kupumua. Anapata shida ya kupumua.,child,"[""breathing_difficulty"", ""cough""]",1,false,"[""breathing_difficulty""]",,synthetic_team_generated,train
health_ie_0754,en,I am pregnant and seeing blurry. I am pregnant and have a headache. This has been going on for one day. The headache is severe.,pregnant,"[""headache"", ""blurred_vision""]",1,false,"[""severe_headache""]",,synthetic_team_generated,train
health_ie_0872,sw,Macho yangu yanaona ukungu wakati wa ujauzito. Mimi ni mjamzito na nina maumivu ya kichwa. Hali hii imeendelea kwa siku moja. Maumivu ya kichwa ni makali.,pregnant,"[""headache"", ""blurred_vision""]",1,false,"[""severe_headache""]",,synthetic_team_generated,train
health_ie_1186,en,I keep coughing. This has been going on for about four days. I have a fever.,adult,"[""fever"", ""cough""]",4,false,[],,synthetic_team_generated,train
health_ie_0933,sw,Nadhani maji ya uzazi yanavuja wakati wa ujauzito. Maji ya uzazi yanaweza kuwa yametoka mapema. Hali hii imeendelea kwa siku moja.,pregnant,"[""fluid_loss""]",1,false,"[""water_breaking_early""]",,synthetic_team_generated,train
health_ie_0857,sw,Ninatapika. Hali hii imeendelea leo. Amekuwa hanywi maji vizuri. Ninaendesha.,adult,"[""vomiting"", ""diarrhoea""]",1,true,[],,synthetic_team_generated,train
health_ie_0859,sw,Hali hii imeendelea kwa siku moja. Mimi ni mjamzito na ninatokwa damu. Ninatokwa na damu.,pregnant,"[""bleeding""]",1,false,"[""bleeding""]",,synthetic_team_generated,train
health_ie_1129,sw,Hali hii imeendelea leo. loose stools. Mtoto wangu amekuwa akiharisha. Amekuwa hanywi maji vizuri.,child,"[""diarrhoea""]",1,true,[],loose stools,synthetic_team_generated,train
health_ie_0224,en,This has been going on for nearly five days. My child keeps coughing.,child,"[""cough""]",5,false,[],,synthetic_team_generated,train
health_ie_0303,sw,Ninahisi joto na nina homa. Nimekuwa nikikohoa. Hali hii imeendelea kwa siku nne.,adult,"[""fever"", ""cough""]",4,false,[],,synthetic_team_generated,train
health_ie_0148,en,had a seizure. There were convulsions. This has been going on since two days ago. My child has a fever.,child,"[""fever""]",2,false,"[""convulsions""]",had a seizure,synthetic_team_generated,train
health_ie_0323,en,This has been going on for three days. My belly hurts.,adult,"[""abdominal_pain""]",3,false,[],,synthetic_team_generated,train
health_ie_0471,en,This has been going on for four days. My child has diarrhoea. very weak. They cannot drink. They have not been drinking well.,child,"[""diarrhoea""]",4,true,"[""cannot_drink""]",very weak,synthetic_team_generated,train
health_ie_0551,sw,Mtoto wangu ana homa tangu jana. Mtoto wangu anaharisha. Ana shida ya kunywa. loose stools. Hali hii imeendelea kwa siku mbili.,child,"[""fever"", ""diarrhoea""]",2,true,[],loose stools,synthetic_team_generated,train
health_ie_0748,en,loose stools. This has been going on today. They are not drinking well. My child has diarrhoea.,child,"[""diarrhoea""]",1,true,[],loose stools,synthetic_team_generated,train
health_ie_0910,sw,Ana homa. Mimi ni mjamzito na tumbo linauma. Mimi ni mjamzito na nina homa. Hali hii imeendelea kwa siku mbili.,pregnant,"[""fever"", ""abdominal_pain""]",2,false,"[""fever""]",,synthetic_team_generated,train
health_ie_0109,en,I have a headache while pregnant. I am pregnant and seeing blurry. The headache is severe. This has been going on today.,pregnant,"[""headache"", ""blurred_vision""]",1,false,"[""severe_headache""]",,synthetic_team_generated,train
health_ie_0227,en,This has been going on for five days. I have been very tired during pregnancy.,pregnant,"[""fatigue""]",5,false,[],,synthetic_team_generated,train
health_ie_1109,en,This has been going on for two days. There is fever. I am pregnant and have a fever. I have belly pain during pregnancy.,pregnant,"[""fever"", ""abdominal_pain""]",2,false,"[""fever""]",,synthetic_team_generated,train
health_ie_1118,en,This has been going on for one day. The child feels hot and has a fever.,child,"[""fever""]",1,false,[],,synthetic_team_generated,train
health_ie_0373,en,This has been going on for the last three days. very sleepy. There is fever in my child. My child seems very weak.,child,"[""fever"", ""weakness""]",3,false,[],very sleepy,synthetic_team_generated,train
health_ie_0327,en,This has been going on since two days ago. I have a fever during pregnancy. I have belly pain during pregnancy. There is fever.,pregnant,"[""fever"", ""abdominal_pain""]",2,false,"[""fever""]",,synthetic_team_generated,train
health_ie_0837,en,The child has loose stools. There is difficulty drinking. This has been going on today. loose stools.,child,"[""diarrhoea""]",1,true,[],loose stools,synthetic_team_generated,train
health_ie_0397,en,My child has a cough. This has been going on for nearly five days.,child,"[""cough""]",5,false,[],,synthetic_team_generated,train
health_ie_0921,en,I keep throwing up. I have loose stools. This has been going on today. They have not been drinking well.,adult,"[""vomiting"", ""diarrhoea""]",1,true,[],,synthetic_team_generated,train
health_ie_0548,en,My child has been having diarrhoea. My child has a fever. They are not drinking well. This has been going on for two days. loose stools.,child,"[""fever"", ""diarrhoea""]",2,true,[],loose stools,synthetic_team_generated,train
health_ie_0063,en,This has been going on since two days ago. vomiting repeatedly. They are not drinking well. They cannot drink. The child feels hot and has a fever. My child has been sick and vomiting.,child,"[""fever"", ""vomiting""]",2,true,"[""cannot_drink""]",vomiting repeatedly,synthetic_team_generated,train
health_ie_0990,en,This has been going on since two days ago. I keep throwing up. They have not been drinking well. I feel tired and weak.,adult,"[""vomiting"", ""weakness""]",2,true,[],,synthetic_team_generated,train
health_ie_0803,en,This has been going on for one day. I am pregnant and I am bleeding. There is bleeding.,pregnant,"[""bleeding""]",1,false,"[""bleeding""]",,synthetic_team_generated,train
health_ie_0979,en,I am pregnant and keep vomiting. This has been going on since two days ago. They have not been drinking well.,pregnant,"[""vomiting""]",2,true,[],,synthetic_team_generated,train
health_ie_0937,en,I am struggling to breathe. There is difficulty breathing. I have been coughing. This has been going on since two days ago.,adult,"[""cough"", ""breathing_difficulty""]",2,false,"[""breathing_difficulty""]",,synthetic_team_generated,train
health_ie_0320,en,This has been going on for the last three days. I feel very weak. I feel hot and have a fever.,adult,"[""fever"", ""weakness""]",3,false,[],,synthetic_team_generated,train
health_ie_0665,sw,Ninakohoa sana. Hali hii imeendelea kwa siku nne. Ninahisi joto na nina homa.,adult,"[""fever"", ""cough""]",4,false,[],,synthetic_team_generated,train
health_ie_0376,sw,Ana shida ya kunywa. Hali hii imeendelea tangu siku mbili zilizopita. Mimi ni mjamzito na ninatapika.,pregnant,"[""vomiting""]",2,true,[],,synthetic_team_generated,train
health_ie_0818,sw,Hali hii imeendelea tangu leo. Mtoto wangu amekuwa akiharisha. Ana shida ya kunywa. loose stools.,child,"[""diarrhoea""]",1,true,[],loose stools,synthetic_team_generated,train
health_ie_0672,sw,Kichwa changu kinauma. Hali hii imeendelea tangu leo.,adult,"[""headache""]",1,false,[],,synthetic_team_generated,train
health_ie_0695,en,This has been going on for one day. My little one has been feverish.,child,"[""fever""]",1,false,[],,synthetic_team_generated,train
health_ie_1002,sw,Hali hii imeendelea tangu siku mbili zilizopita. Amekuwa hanywi maji vizuri. Ninachafuka na kutapika. Ninahisi dhaifu sana.,adult,"[""vomiting"", ""weakness""]",2,true,[],,synthetic_team_generated,train
health_ie_0348,sw,Hali hii imeendelea leo. Kichwa changu kinauma. Macho yangu hayaoni vizuri naona ukungu. Naona ukungu.,adult,"[""headache"", ""blurred_vision""]",1,false,"[""blurred_vision""]",,synthetic_team_generated,train
health_ie_0884,en,loose stools. There is fever in my child. There is difficulty drinking. This has been going on for two days. The child has loose stools.,child,"[""fever"", ""diarrhoea""]",2,true,[],loose stools,synthetic_team_generated,train
health_ie_0114,en,This has been going on for one day. There is bleeding. I have some bleeding.,adult,"[""bleeding""]",1,false,"[""bleeding""]",,synthetic_team_generated,train
health_ie_0663,en,My little one has been feverish. very sleepy. My child is very sleepy and weak. This has been going on for the last three days.,child,"[""fever"", ""weakness""]",3,false,[],very sleepy,synthetic_team_generated,train
health_ie_0297,sw,Nimekuwa dhaifu. Nimekuwa nikitapika. Ana shida ya kunywa. Hali hii imeendelea kwa siku mbili.,adult,"[""vomiting"", ""weakness""]",2,true,[],,synthetic_team_generated,train
health_ie_0657,en,There is bleeding. I have some bleeding. This has been going on since today.,adult,"[""bleeding""]",1,false,"[""bleeding""]",,synthetic_team_generated,train
health_ie_0771,sw,Nimekuwa dhaifu. Hali hii imeendelea kwa karibu siku tano.,adult,"[""weakness""]",5,false,[],,synthetic_team_generated,train
health_ie_0228,en,I am pregnant and the baby is moving less. The baby is moving less. This has been going on for one day.,pregnant,"[""reduced_fetal_movement""]",1,false,"[""reduced_fetal_movement""]",,synthetic_team_generated,train
health_ie_0238,sw,Ana homa. Nina maumivu ya tumbo wakati wa ujauzito. Hali hii imeendelea tangu siku mbili zilizopita. Nina homa wakati wa ujauzito.,pregnant,"[""fever"", ""abdominal_pain""]",2,false,"[""fever""]",,synthetic_team_generated,train
health_ie_1083,sw,Ana shida ya kunywa. Hali hii imeendelea tangu siku mbili zilizopita. Mtoto wangu anaharisha. Mtoto wangu ana homa tangu jana. loose stools.,child,"[""fever"", ""diarrhoea""]",2,true,[],loose stools,synthetic_team_generated,train
health_ie_0931,sw,Ana shida ya kunywa. loose stools. Mtoto wangu amekuwa akiharisha. Hali hii imeendelea leo.,child,"[""diarrhoea""]",1,true,[],loose stools,synthetic_team_generated,train
health_ie_0952,en,This has been going on for one day. There is bleeding. I am pregnant and have vaginal bleeding.,pregnant,"[""bleeding""]",1,false,"[""bleeding""]",,synthetic_team_generated,train
health_ie_1135,en,There is difficulty breathing. I have a cough. I am having trouble breathing. This has been going on for two days.,adult,"[""cough"", ""breathing_difficulty""]",2,false,"[""breathing_difficulty""]",,synthetic_team_generated,train
health_ie_0725,en,The child had a seizure. had a seizure. This has been going on for two days. The child feels hot and has a fever.,child,"[""fever""]",2,false,"[""convulsions""]",had a seizure,synthetic_team_generated,train
health_ie_1016,sw,Nimekuwa na homa. Ninakohoa sana. Hali hii imeendelea kwa takriban siku nne.,adult,"[""fever"", ""cough""]",4,false,[],,synthetic_team_generated,train
health_ie_0615,en,They have not been drinking well. The child has loose stools. very weak. They cannot drink. This has been going on for about four days.,child,"[""diarrhoea""]",4,true,"[""cannot_drink""]",very weak,synthetic_team_generated,train
health_ie_0589,sw,Hawezi kunywa. Hali hii imeendelea kwa siku nne. Hanywi vizuri. Mtoto ana choo cha maji. very weak.,child,"[""diarrhoea""]",4,true,"[""cannot_drink""]",very weak,synthetic_team_generated,train
health_ie_0229,en,They have not been drinking well. not drinking well. This has been going on for the last three days. My little one has been feverish.,child,"[""fever""]",3,true,[],not drinking well,synthetic_team_generated,train
health_ie_0340,en,I have been very tired during pregnancy. This has been going on for nearly five days.,pregnant,"[""fatigue""]",5,false,[],,synthetic_team_generated,train
health_ie_0092,en,There is difficulty drinking. This has been going on since two days ago. I feel tired and weak. I am vomiting.,adult,"[""vomiting"", ""weakness""]",2,true,[],,synthetic_team_generated,train
health_ie_0804,en,I have belly pain during pregnancy. The abdominal pain is severe. This has been going on today.,pregnant,"[""abdominal_pain""]",1,false,"[""severe_abdominal_pain""]",,synthetic_team_generated,train
health_ie_0547,en,The child keeps throwing up. They are unable to drink. vomiting repeatedly. There is difficulty drinking. My child has been hot since yesterday. This has been going on for two days.,child,"[""fever"", ""vomiting""]",2,true,"[""cannot_drink""]",vomiting repeatedly,synthetic_team_generated,train
health_ie_0926,sw,Mtoto wangu anakohoa. Hali hii imeendelea kwa takriban siku nne. Mtoto wangu ana homa.,child,"[""cough"", ""fever""]",4,false,[],,synthetic_team_generated,train
health_ie_0126,sw,Hali hii imeendelea tangu leo. Mimi ni mjamzito na tumbo linauma. Maumivu ya tumbo ni makali.,pregnant,"[""abdominal_pain""]",1,false,"[""severe_abdominal_pain""]",,synthetic_team_generated,train
health_ie_0677,sw,Hali hii imeendelea kwa takriban siku nne. Mtoto wangu ana kikohozi. Mtoto wangu ana homa tangu jana.,child,"[""cough"", ""fever""]",4,false,[],,synthetic_team_generated,train
health_ie_0938,sw,Hali hii imeendelea kwa siku nne. Mtoto wangu ana kikohozi. Mtoto wangu ana homa.,child,"[""cough"", ""fever""]",4,false,[],,synthetic_team_generated,train
health_ie_0225,sw,Nimekuwa nikitapika. Ninahisi dhaifu sana. Hali hii imeendelea kwa siku mbili. Hanywi vizuri.,adult,"[""vomiting"", ""weakness""]",2,true,[],,synthetic_team_generated,train
health_ie_1165,en,This has been going on since two days ago. I have been unusually weak. I am vomiting. They have not been drinking well.,adult,"[""vomiting"", ""weakness""]",2,true,[],,synthetic_team_generated,train
health_ie_0392,en,This has been going on for three days. I have abdominal pain.,adult,"[""abdominal_pain""]",3,false,[],,synthetic_team_generated,train
health_ie_0334,en,loose stools. They have not been drinking well. My child has diarrhoea. This has been going on today.,child,"[""diarrhoea""]",1,true,[],loose stools,synthetic_team_generated,train
health_ie_0164,en,The child feels hot and has a fever. My child keeps coughing. This has been going on for four days.,child,"[""cough"", ""fever""]",4,false,[],,synthetic_team_generated,train
health_ie_1121,sw,Nadhani maji ya uzazi yanavuja wakati wa ujauzito. Maji ya uzazi yanaweza kuwa yametoka mapema. Hali hii imeendelea kwa siku moja.,pregnant,"[""fluid_loss""]",1,false,"[""water_breaking_early""]",,synthetic_team_generated,train
health_ie_0445,en,My child is very sleepy and weak. They are not drinking well. very weak. They cannot drink. This has been going on for the last three days. My child has been sick and vomiting. My child has a fever.,child,"[""fever"", ""vomiting"", ""weakness""]",3,true,"[""cannot_drink""]",very weak,synthetic_team_generated,train
health_ie_0108,sw,Nina kikohozi. Hali hii imeendelea kwa siku nne. Nina homa.,adult,"[""fever"", ""cough""]",4,false,[],,synthetic_team_generated,train
health_ie_0821,en,not drinking well. This has been going on for the last three days. My child has been hot since yesterday. They have not been drinking well.,child,"[""fever""]",3,true,[],not drinking well,synthetic_team_generated,train
health_ie_0791,sw,Hali hii imeendelea leo. Nina damu inayotoka. Ninatokwa na damu.,adult,"[""bleeding""]",1,false,"[""bleeding""]",,synthetic_team_generated,train
health_ie_0740,en,My child keeps coughing. My little one has been feverish. This has been going on for four days.,child,"[""cough"", ""fever""]",4,false,[],,synthetic_team_generated,train
health_ie_0249,en,This has been going on for one day. I think my water is leaking during pregnancy. The water may have broken early.,pregnant,"[""fluid_loss""]",1,false,"[""water_breaking_early""]",,synthetic_team_generated,train
health_ie_0246,sw,Hali hii imeendelea kwa takriban siku nne. Nina homa. Ninakohoa sana.,adult,"[""fever"", ""cough""]",4,false,[],,synthetic_team_generated,train
health_ie_0553,sw,Mtoto amekuwa akikohoa. Hali hii imeendelea kwa siku tano.,child,"[""cough""]",5,false,[],,synthetic_team_generated,train
health_ie_0955,en,My child keeps coughing. There is fever in my child. This has been going on for about four days.,child,"[""cough"", ""fever""]",4,false,[],,synthetic_team_generated,train
health_ie_0118,en,There is fever in my child. vomiting repeatedly. They cannot drink. They have not been drinking well. This has been going on since two days ago. The child keeps throwing up.,child,"[""fever"", ""vomiting""]",2,true,"[""cannot_drink""]",vomiting repeatedly,synthetic_team_generated,train
health_ie_0456,en,This has been going on for about four days. My child has been hot since yesterday. My child has a cough.,child,"[""cough"", ""fever""]",4,false,[],,synthetic_team_generated,train
health_ie_0805,en,I am pregnant and my water may have broken early. This has been going on for one day. The water may have broken early.,pregnant,"[""fluid_loss""]",1,false,"[""water_breaking_early""]",,synthetic_team_generated,train
health_ie_0991,sw,Ana shida ya kunywa. Mtoto wangu anaharisha. Hali hii imeendelea tangu leo. loose stools.,child,"[""diarrhoea""]",1,true,[],loose stools,synthetic_team_generated,train
health_ie_0561,sw,Ninahisi joto na nina homa. Nina kikohozi. Hali hii imeendelea kwa siku nne.,adult,"[""fever"", ""cough""]",4,false,[],,synthetic_team_generated,train
health_ie_0308,sw,Mimi ni mjamzito na nina maumivu ya kichwa. Hali hii imeendelea tangu leo. Mimi ni mjamzito na ninaona ukungu. Maumivu ya kichwa ni makali.,pregnant,"[""headache"", ""blurred_vision""]",1,false,"[""severe_headache""]",,synthetic_team_generated,train
health_ie_1085,en,The child had a seizure. had a seizure. My child has been hot since yesterday. This has been going on for two days.,child,"[""fever""]",2,false,"[""convulsions""]",had a seizure,synthetic_team_generated,train
health_ie_0509,en,This has been going on for five days. I have been unusually weak.,adult,"[""weakness""]",5,false,[],,synthetic_team_generated,train
health_ie_0130,en,I am pregnant and keep vomiting. This has been going on for two days. There is difficulty drinking.,pregnant,"[""vomiting""]",2,true,[],,synthetic_team_generated,train
health_ie_1124,sw,Nimekuwa dhaifu. Ninachafuka na kutapika. Hanywi vizuri. Hali hii imeendelea kwa siku mbili.,adult,"[""vomiting"", ""weakness""]",2,true,[],,synthetic_team_generated,train
health_ie_0516,sw,Mimi ni mjamzito na nina maumivu ya kichwa. Macho yangu yanaona ukungu wakati wa ujauzito. Hali hii imeendelea leo. Maumivu ya kichwa ni makali.,pregnant,"[""headache"", ""blurred_vision""]",1,false,"[""severe_headache""]",,synthetic_team_generated,train
health_ie_0585,sw,Hali hii imeendelea kwa siku moja. Nadhani maji ya uzazi yanavuja wakati wa ujauzito. Maji ya uzazi yanaweza kuwa yametoka mapema.,pregnant,"[""fluid_loss""]",1,false,"[""water_breaking_early""]",,synthetic_team_generated,train
health_ie_0735,sw,Hali hii imeendelea kwa siku moja. Anapata shida ya kupumua. Mtoto wangu anakohoa. Mtoto anapumua kwa shida.,child,"[""breathing_difficulty"", ""cough""]",1,false,"[""breathing_difficulty""]",,synthetic_team_generated,train
health_ie_0999,sw,Nina maumivu ya kichwa. Hali hii imeendelea tangu leo.,adult,"[""headache""]",1,false,[],,synthetic_team_generated,train
health_ie_0199,en,I have a fever during pregnancy. There is fever. I am pregnant and have stomach pain. This has been going on since two days ago.,pregnant,"[""fever"", ""abdominal_pain""]",2,false,"[""fever""]",,synthetic_team_generated,train
health_ie_0684,en,This has been going on since today. My head hurts.,adult,"[""headache""]",1,false,[],,synthetic_team_generated,train
health_ie_0762,en,This has been going on since two days ago. I feel hot and have a fever.,adult,"[""fever""]",2,false,[],,synthetic_team_generated,train
health_ie_0878,sw,Maumivu ya kichwa ni makali. Hali hii imeendelea leo. Ninaumwa kichwa wakati wa ujauzito. Macho yangu yanaona ukungu wakati wa ujauzito.,pregnant,"[""headache"", ""blurred_vision""]",1,false,"[""severe_headache""]",,synthetic_team_generated,train
health_ie_0865,en,This has been going on since today. My head hurts.,adult,"[""headache""]",1,false,[],,synthetic_team_generated,train
health_ie_0700,en,I have a cough. I have been feeling feverish. This has been going on for about four days.,adult,"[""fever"", ""cough""]",4,false,[],,synthetic_team_generated,train
health_ie_1041,en,I am pregnant and the baby is moving less. The baby is moving less. This has been going on since today.,pregnant,"[""reduced_fetal_movement""]",1,false,"[""reduced_fetal_movement""]",,synthetic_team_generated,train
health_ie_0438,en,They are not drinking well. This has been going on today. loose stools. My child has been having diarrhoea.,child,"[""diarrhoea""]",1,true,[],loose stools,synthetic_team_generated,train
health_ie_0888,en,This has been going on for nearly five days. I feel very weak.,adult,"[""weakness""]",5,false,[],,synthetic_team_generated,train
health_ie_0083,en,My child has diarrhoea. This has been going on for one day. They are not drinking well. loose stools.,child,"[""diarrhoea""]",1,true,[],loose stools,synthetic_team_generated,train
health_ie_0627,en,There is difficulty breathing. My child is breathing with difficulty. This has been going on for one day. The child has been coughing.,child,"[""breathing_difficulty"", ""cough""]",1,false,"[""breathing_difficulty""]",,synthetic_team_generated,train
health_ie_1126,sw,Hali hii imeendelea tangu leo. Mtoto wangu ana homa tangu jana.,child,"[""fever""]",1,false,[],,synthetic_team_generated,train
health_ie_0825,en,I have belly pain during pregnancy. The abdominal pain is severe. This has been going on for one day.,pregnant,"[""abdominal_pain""]",1,false,"[""severe_abdominal_pain""]",,synthetic_team_generated,train
health_ie_0621,sw,Hali hii imeendelea leo. Ninaumwa kichwa wakati wa ujauzito. Macho yangu yanaona ukungu wakati wa ujauzito. Maumivu ya kichwa ni makali.,pregnant,"[""headache"", ""blurred_vision""]",1,false,"[""severe_headache""]",,synthetic_team_generated,train
health_ie_0239,en,This has been going on for the last three days. very weak. They cannot drink. They are not drinking well. My child seems very weak. My child is vomiting. The child feels hot and has a fever.,child,"[""fever"", ""vomiting"", ""weakness""]",3,true,"[""cannot_drink""]",very weak,synthetic_team_generated,train
health_ie_0454,sw,Hawezi kunywa. Mtoto ana choo cha maji. very weak. Hali hii imeendelea kwa takriban siku nne. Amekuwa hanywi maji vizuri.,child,"[""diarrhoea""]",4,true,"[""cannot_drink""]",very weak,synthetic_team_generated,train
health_ie_0333,sw,Mtoto anacheza kidogo. Hali hii imeendelea kwa siku moja. Mimi ni mjamzito na mtoto anacheza kidogo.,pregnant,"[""reduced_fetal_movement""]",1,false,"[""reduced_fetal_movement""]",,synthetic_team_generated,train
health_ie_0046,sw,Hali hii imeendelea kwa siku mbili. Mtoto wangu ana homa tangu jana. Ana shida ya kunywa. Mtoto wangu anaharisha. loose stools.,child,"[""fever"", ""diarrhoea""]",2,true,[],loose stools,synthetic_team_generated,train
health_ie_0970,sw,Ana shida ya kunywa. Mtoto ana choo cha maji. Hali hii imeendelea kwa siku nne. Hawezi kunywa vizuri. very weak.,child,"[""diarrhoea""]",4,true,"[""cannot_drink""]",very weak,synthetic_team_generated,train
health_ie_0648,sw,Mimi ni mjamzito na ninatokwa damu. Hali hii imeendelea leo. Ninatokwa na damu.,pregnant,"[""bleeding""]",1,false,"[""bleeding""]",,synthetic_team_generated,train
health_ie_0017,sw,Amekuwa hanywi maji vizuri. Mtoto wangu ana homa. loose stools. Mtoto ana choo cha maji. Hali hii imeendelea kwa siku mbili.,child,"[""fever"", ""diarrhoea""]",2,true,[],loose stools,synthetic_team_generated,train
health_ie_1048,sw,Hali hii imeendelea kwa siku moja. Mtoto wangu ana homa.,child,"[""fever""]",1,false,[],,synthetic_team_generated,train
health_ie_0653,en,I am pregnant and seeing blurry. This has been going on since today. I have a headache while pregnant. The headache is severe.,pregnant,"[""headache"", ""blurred_vision""]",1,false,"[""severe_headache""]",,synthetic_team_generated,train
health_ie_1137,sw,Hali hii imeendelea tangu leo. Kichwa changu kinauma.,adult,"[""headache""]",1,false,[],,synthetic_team_generated,train
health_ie_0192,sw,Mimi ni mjamzito na nina maumivu ya kichwa. Mimi ni mjamzito na ninaona ukungu. Hali hii imeendelea kwa siku moja. Maumivu ya kichwa ni makali.,pregnant,"[""headache"", ""blurred_vision""]",1,false,"[""severe_headache""]",,synthetic_team_generated,train
health_ie_0676,en,My child keeps coughing. This has been going on for nearly five days.,child,"[""cough""]",5,false,[],,synthetic_team_generated,train
health_ie_0423,en,This has been going on today. I have belly pain during pregnancy. The abdominal pain is severe.,pregnant,"[""abdominal_pain""]",1,false,"[""severe_abdominal_pain""]",,synthetic_team_generated,train
health_ie_0527,en,I have a fever. This has been going on for two days.,adult,"[""fever""]",2,false,[],,synthetic_team_generated,train
health_ie_0486,sw,Tumbo langu linauma. Hali hii imeendelea kwa siku tatu.,adult,"[""abdominal_pain""]",3,false,[],,synthetic_team_generated,train
health_ie_0829,sw,Mtoto anatapika mara kwa mara. Hanywi vizuri. Hawezi kunywa vizuri. Mtoto wangu ana homa. vomiting repeatedly. Hali hii imeendelea tangu siku mbili zilizopita.,child,"[""fever"", ""vomiting""]",2,true,"[""cannot_drink""]",vomiting repeatedly,synthetic_team_generated,train
health_ie_0633,sw,Ninakohoa sana. Hali hii imeendelea kwa siku nne. Nina homa.,adult,"[""fever"", ""cough""]",4,false,[],,synthetic_team_generated,train
health_ie_0462,sw,Hali hii imeendelea tangu leo. Ninatokwa na damu. Mimi ni mjamzito na ninatokwa damu.,pregnant,"[""bleeding""]",1,false,"[""bleeding""]",,synthetic_team_generated,train
health_ie_0918,en,The water may have broken early. This has been going on for one day. I am pregnant and my water may have broken early.,pregnant,"[""fluid_loss""]",1,false,"[""water_breaking_early""]",,synthetic_team_generated,train
health_ie_0982,sw,Ninahisi joto na nina homa. Hali hii imeendelea kwa siku mbili.,adult,"[""fever""]",2,false,[],,synthetic_team_generated,train
health_ie_0286,sw,Nina homa. Hali hii imeendelea tangu siku mbili zilizopita.,adult,"[""fever""]",2,false,[],,synthetic_team_generated,train
health_ie_0543,en,The headache is severe. I am pregnant and have a headache. This has been going on since today. I am pregnant and seeing blurry.,pregnant,"[""headache"", ""blurred_vision""]",1,false,"[""severe_headache""]",,synthetic_team_generated,train
health_ie_0125,en,I have belly pain during pregnancy. The abdominal pain is severe. This has been going on for one day.,pregnant,"[""abdominal_pain""]",1,false,"[""severe_abdominal_pain""]",,synthetic_team_generated,train
health_ie_0854,sw,Mimi ni mjamzito na ninatokwa damu. Hali hii imeendelea leo. Ninatokwa na damu.,pregnant,"[""bleeding""]",1,false,"[""bleeding""]",,synthetic_team_generated,train
health_ie_0026,en,This has been going on for four days. The child feels hot and has a fever. The child has been coughing.,child,"[""cough"", ""fever""]",4,false,[],,synthetic_team_generated,train
health_ie_0142,sw,Ninahisi joto na nina homa. Nimekuwa dhaifu. Hali hii imeendelea tangu siku tatu zilizopita.,adult,"[""fever"", ""weakness""]",3,false,[],,synthetic_team_generated,train
health_ie_0411,en,My child keeps coughing. This has been going on for five days.,child,"[""cough""]",5,false,[],,synthetic_team_generated,train
health_ie_0467,sw,Nina maumivu ya kichwa. Hali hii imeendelea leo.,adult,"[""headache""]",1,false,[],,synthetic_team_generated,train
health_ie_0003,en,I find it hard to breathe. There is difficulty breathing. I keep coughing. This has been going on for two days.,adult,"[""cough"", ""breathing_difficulty""]",2,false,"[""breathing_difficulty""]",,synthetic_team_generated,train
health_ie_0102,sw,Hali hii imeendelea tangu siku mbili zilizopita. Ana shida ya kunywa. Mimi ni mjamzito na nimetapika mara nyingi.,pregnant,"[""vomiting""]",2,true,[],,synthetic_team_generated,train
health_ie_0338,en,This has been going on today. There is fever in my child.,child,"[""fever""]",1,false,[],,synthetic_team_generated,train
health_ie_1146,en,very weak. They cannot drink. They are not drinking well. This has been going on for three days. My child seems very weak. The child keeps throwing up. My child has been hot since yesterday.,child,"[""fever"", ""vomiting"", ""weakness""]",3,true,"[""cannot_drink""]",very weak,synthetic_team_generated,train
health_ie_0058,en,My little one has been feverish. very weak. My child has been sick and vomiting. They are unable to drink. This has been going on for three days. The child is unusually tired and weak. They have not been drinking well.,child,"[""fever"", ""vomiting"", ""weakness""]",3,true,"[""cannot_drink""]",very weak,synthetic_team_generated,train
health_ie_0625,sw,Nimekuwa mchovu sana wakati wa ujauzito. Hali hii imeendelea kwa siku tano.,pregnant,"[""fatigue""]",5,false,[],,synthetic_team_generated,train
health_ie_0387,sw,Mimi ni mjamzito na nina homa. Ana homa. Hali hii imeendelea kwa siku mbili. Nina maumivu ya tumbo wakati wa ujauzito.,pregnant,"[""fever"", ""abdominal_pain""]",2,false,"[""fever""]",,synthetic_team_generated,train
health_ie_0408,sw,Hali hii imeendelea kwa siku tatu. Nina maumivu ya tumbo.,adult,"[""abdominal_pain""]",3,false,[],,synthetic_team_generated,train
health_ie_0940,sw,Hali hii imeendelea kwa siku mbili. Hanywi vizuri. Mtoto anatapika mara kwa mara. vomiting repeatedly. Hawezi kunywa. Mtoto ana joto na ana homa.,child,"[""fever"", ""vomiting""]",2,true,"[""cannot_drink""]",vomiting repeatedly,synthetic_team_generated,train
health_ie_0369,en,I am pregnant and have a headache. The headache is severe. My vision is blurred while I am pregnant. This has been going on for one day.,pregnant,"[""headache"", ""blurred_vision""]",1,false,"[""severe_headache""]",,synthetic_team_generated,train
health_ie_0245,sw,loose stools. Mtoto ana choo cha maji. Hali hii imeendelea kwa siku mbili. Mtoto wangu ana homa. Amekuwa hanywi maji vizuri.,child,"[""fever"", ""diarrhoea""]",2,true,[],loose stools,synthetic_team_generated,train
health_ie_0322,en,This has been going on since two days ago. vomiting repeatedly. There is difficulty drinking. They cannot drink. My child is vomiting. The child feels hot and has a fever.,child,"[""fever"", ""vomiting""]",2,true,"[""cannot_drink""]",vomiting repeatedly,synthetic_team_generated,train
health_ie_1078,en,I have belly pain during pregnancy. There is fever. I have a fever during pregnancy. This has been going on since two days ago.,pregnant,"[""fever"", ""abdominal_pain""]",2,false,"[""fever""]",,synthetic_team_generated,train
health_ie_0698,sw,Nina maumivu ya tumbo wakati wa ujauzito. Nina homa wakati wa ujauzito. Hali hii imeendelea tangu siku mbili zilizopita. Ana homa.,pregnant,"[""fever"", ""abdominal_pain""]",2,false,"[""fever""]",,synthetic_team_generated,train
health_ie_0379,sw,Mtoto wangu ana homa tangu jana. Ana shida ya kunywa. Hali hii imeendelea tangu siku mbili zilizopita. Mtoto wangu anaharisha. loose stools.,child,"[""fever"", ""diarrhoea""]",2,true,[],loose stools,synthetic_team_generated,train
health_ie_1153,en,My vision is blurred. My vision is blurred. This has been going on today. My head hurts.,adult,"[""headache"", ""blurred_vision""]",1,false,"[""blurred_vision""]",,synthetic_team_generated,train
health_ie_0439,sw,Mimi ni mjamzito na nina homa. Ana homa. Nina maumivu ya tumbo wakati wa ujauzito. Hali hii imeendelea kwa siku mbili.,pregnant,"[""fever"", ""abdominal_pain""]",2,false,"[""fever""]",,synthetic_team_generated,train
health_ie_0618,sw,Ninahisi joto na nina homa. Ninakohoa sana. Hali hii imeendelea kwa siku nne.,adult,"[""fever"", ""cough""]",4,false,[],,synthetic_team_generated,train
health_ie_0345,sw,Hali hii imeendelea tangu siku tatu zilizopita. Ninahisi uchovu na udhaifu. Nina homa.,adult,"[""fever"", ""weakness""]",3,false,[],,synthetic_team_generated,train
health_ie_1055,en,I am vomiting. This has been going on since today. I have been having diarrhoea. They are not drinking well.,adult,"[""vomiting"", ""diarrhoea""]",1,true,[],,synthetic_team_generated,train
health_ie_0497,en,My head hurts. This has been going on for one day. My vision is blurred. My vision is blurred.,adult,"[""headache"", ""blurred_vision""]",1,false,"[""blurred_vision""]",,synthetic_team_generated,train
health_ie_0746,sw,Hali hii imeendelea kwa siku tatu. Mtoto wangu ana homa tangu jana. very sleepy. Mtoto wangu amelala sana na ni dhaifu.,child,"[""fever"", ""weakness""]",3,false,[],very sleepy,synthetic_team_generated,train
health_ie_0532,en,This has been going on since two days ago. I have a cough. I am having trouble breathing. There is difficulty breathing.,adult,"[""cough"", ""breathing_difficulty""]",2,false,"[""breathing_difficulty""]",,synthetic_team_generated,train
health_ie_1081,en,I have some bleeding. This has been going on today. There is bleeding.,adult,"[""bleeding""]",1,false,"[""bleeding""]",,synthetic_team_generated,train
health_ie_0932,en,very weak. This has been going on for the last three days. The child is unusually tired and weak. My little one has been feverish. They cannot drink. My child is vomiting. They have not been drinking well.,child,"[""fever"", ""vomiting"", ""weakness""]",3,true,"[""cannot_drink""]",very weak,synthetic_team_generated,train
health_ie_0822,en,This has been going on for the last three days. I have a fever. I feel tired and weak.,adult,"[""fever"", ""weakness""]",3,false,[],,synthetic_team_generated,train
health_ie_0534,en,They have not been drinking well. loose stools. This has been going on today. My child has been having diarrhoea.,child,"[""diarrhoea""]",1,true,[],loose stools,synthetic_team_generated,train
health_ie_1100,en,I feel very weak. They are not drinking well. I have been vomiting. This has been going on for two days.,adult,"[""vomiting"", ""weakness""]",2,true,[],,synthetic_team_generated,train
health_ie_0802,en,I am pregnant and I am bleeding. There is bleeding. This has been going on since today.,pregnant,"[""bleeding""]",1,false,"[""bleeding""]",,synthetic_team_generated,train
health_ie_0042,en,I feel very weak. I have been feeling feverish. This has been going on for three days.,adult,"[""fever"", ""weakness""]",3,false,[],,synthetic_team_generated,train
health_ie_0596,en,The abdominal pain is severe. I am pregnant and have stomach pain. This has been going on for one day.,pregnant,"[""abdominal_pain""]",1,false,"[""severe_abdominal_pain""]",,synthetic_team_generated,train
health_ie_0864,en,I am pregnant and have stomach pain. The abdominal pain is severe. This has been going on today.,pregnant,"[""abdominal_pain""]",1,false,"[""severe_abdominal_pain""]",,synthetic_team_generated,train
health_ie_0007,en,not drinking well. They are not drinking well. This has been going on for three days. My little one has been feverish.,child,"[""fever""]",3,true,[],not drinking well,synthetic_team_generated,train
health_ie_1073,en,My head hurts. This has been going on since today.,adult,"[""headache""]",1,false,[],,synthetic_team_generated,train
health_ie_0062,en,I am pregnant and the baby is moving less. The baby is moving less. This has been going on for one day.,pregnant,"[""reduced_fetal_movement""]",1,false,"[""reduced_fetal_movement""]",,synthetic_team_generated,train
health_ie_1133,en,This has been going on for nearly five days. I have been unusually weak.,adult,"[""weakness""]",5,false,[],,synthetic_team_generated,train
health_ie_0103,en,My child has a cough. This has been going on today. The child is struggling to breathe. There is difficulty breathing.,child,"[""breathing_difficulty"", ""cough""]",1,false,"[""breathing_difficulty""]",,synthetic_team_generated,train
health_ie_0688,en,I have a cough. I have been feeling feverish. This has been going on for four days.,adult,"[""fever"", ""cough""]",4,false,[],,synthetic_team_generated,train
health_ie_1028,sw,Nina kikohozi. Nimekuwa na homa. Hali hii imeendelea kwa takriban siku nne.,adult,"[""fever"", ""cough""]",4,false,[],,synthetic_team_generated,train
health_ie_0873,en,I have been feeling feverish. This has been going on since two days ago.,adult,"[""fever""]",2,false,[],,synthetic_team_generated,train
health_ie_0240,sw,Nimekuwa mchovu sana wakati wa ujauzito. Hali hii imeendelea kwa karibu siku tano.,pregnant,"[""fatigue""]",5,false,[],,synthetic_team_generated,train
health_ie_0599,sw,Hali hii imeendelea kwa karibu siku tano. Nimekuwa dhaifu.,adult,"[""weakness""]",5,false,[],,synthetic_team_generated,train
health_ie_1096,sw,Hali hii imeendelea tangu siku mbili zilizopita. Nimekuwa dhaifu. Ninachafuka na kutapika. Amekuwa hanywi maji vizuri.,adult,"[""vomiting"", ""weakness""]",2,true,[],,synthetic_team_generated,train
health_ie_0350,en,I am pregnant and have vaginal bleeding. There is bleeding. This has been going on today.,pregnant,"[""bleeding""]",1,false,"[""bleeding""]",,synthetic_team_generated,train
health_ie_0065,en,I am bleeding. There is bleeding. This has been going on for one day.,adult,"[""bleeding""]",1,false,"[""bleeding""]",,synthetic_team_generated,train
health_ie_0283,en,I have been feeling feverish. I have been unusually weak. This has been going on for the last three days.,adult,"[""fever"", ""weakness""]",3,false,[],,synthetic_team_generated,train
health_ie_0899,en,My child is very sleepy and weak. very sleepy. My little one has been feverish. This has been going on for the last three days.,child,"[""fever"", ""weakness""]",3,false,[],very sleepy,synthetic_team_generated,train
health_ie_0968,sw,Ninakohoa sana. Nina homa. Hali hii imeendelea kwa takriban siku nne.,adult,"[""fever"", ""cough""]",4,false,[],,synthetic_team_generated,train
health_ie_0087,en,I have stomach pain. This has been going on for three days.,adult,"[""abdominal_pain""]",3,false,[],,synthetic_team_generated,train
health_ie_0300,en,There is fever. I have a fever during pregnancy. This has been going on since two days ago. I have belly pain during pregnancy.,pregnant,"[""fever"", ""abdominal_pain""]",2,false,"[""fever""]",,synthetic_team_generated,train
health_ie_0971,en,I find it hard to breathe. I have a cough. There is difficulty breathing. This has been going on since two days ago.,adult,"[""cough"", ""breathing_difficulty""]",2,false,"[""breathing_difficulty""]",,synthetic_team_generated,train
health_ie_0170,en,This has been going on since today. I have been having diarrhoea. There is difficulty drinking. I am vomiting.,adult,"[""vomiting"", ""diarrhoea""]",1,true,[],,synthetic_team_generated,train
health_ie_0819,en,This has been going on since two days ago. I have a fever during pregnancy. There is fever. I have belly pain during pregnancy.,pregnant,"[""fever"", ""abdominal_pain""]",2,false,"[""fever""]",,synthetic_team_generated,train
health_ie_0820,en,I am pregnant and have been vomiting. This has been going on since two days ago. There is difficulty drinking.,pregnant,"[""vomiting""]",2,true,[],,synthetic_team_generated,train
health_ie_0639,en,I have been coughing. There is difficulty breathing. I am struggling to breathe. This has been going on since two days ago.,adult,"[""cough"", ""breathing_difficulty""]",2,false,"[""breathing_difficulty""]",,synthetic_team_generated,train
health_ie_0641,en,I am pregnant and I am bleeding. There is bleeding. This has been going on for one day.,pregnant,"[""bleeding""]",1,false,"[""bleeding""]",,synthetic_team_generated,train
health_ie_0965,sw,Mtoto tumboni anacheza kidogo kuliko kawaida. Hali hii imeendelea tangu leo. Mtoto anacheza kidogo.,pregnant,"[""reduced_fetal_movement""]",1,false,"[""reduced_fetal_movement""]",,synthetic_team_generated,train
health_ie_0901,sw,vomiting repeatedly. Hawezi kunywa. Hanywi vizuri. Mtoto anatapika mara kwa mara. Mtoto wangu ana homa. Hali hii imeendelea kwa siku mbili.,child,"[""fever"", ""vomiting""]",2,true,"[""cannot_drink""]",vomiting repeatedly,synthetic_team_generated,train
health_ie_0265,en,They are unable to drink. They are not drinking well. The child keeps throwing up. This has been going on for two days. vomiting repeatedly. My child has been hot since yesterday.,child,"[""fever"", ""vomiting""]",2,true,"[""cannot_drink""]",vomiting repeatedly,synthetic_team_generated,train
health_ie_0196,en,This has been going on for one day. There is bleeding. I have some bleeding.,adult,"[""bleeding""]",1,false,"[""bleeding""]",,synthetic_team_generated,train
health_ie_1020,sw,Hawezi kunywa. vomiting repeatedly. Ana shida ya kunywa. Mtoto anatapika mara kwa mara. Mtoto wangu ana homa tangu jana. Hali hii imeendelea kwa siku mbili.,child,"[""fever"", ""vomiting""]",2,true,"[""cannot_drink""]",vomiting repeatedly,synthetic_team_generated,train
health_ie_1111,sw,Mimi ni mjamzito na nina homa. Ana homa. Hali hii imeendelea tangu siku mbili zilizopita. Mimi ni mjamzito na tumbo linauma.,pregnant,"[""fever"", ""abdominal_pain""]",2,false,"[""fever""]",,synthetic_team_generated,train
health_ie_0060,en,I have been very tired during pregnancy. This has been going on for five days.,pregnant,"[""fatigue""]",5,false,[],,synthetic_team_generated,train
health_ie_1159,en,This has been going on since two days ago. My little one has been feverish. There were convulsions. had a seizure.,child,"[""fever""]",2,false,"[""convulsions""]",had a seizure,synthetic_team_generated,train
health_ie_0788,sw,Mtoto amekuwa akikohoa. Hali hii imeendelea kwa karibu siku tano.,child,"[""cough""]",5,false,[],,synthetic_team_generated,train
health_ie_0217,en,This has been going on for two days. I have been feeling feverish.,adult,"[""fever""]",2,false,[],,synthetic_team_generated,train
health_ie_0580,sw,Hali hii imeendelea kwa siku tatu. not drinking well. Ana shida ya kunywa. Mtoto wangu ana homa.,child,"[""fever""]",3,true,[],not drinking well,synthetic_team_generated,train
health_ie_0461,en,very weak. They are unable to drink. The child has loose stools. They have not been drinking well. This has been going on for about four days.,child,"[""diarrhoea""]",4,true,"[""cannot_drink""]",very weak,synthetic_team_generated,train
health_ie_0112,en,My child has been having diarrhoea. This has been going on for about four days. very weak. There is difficulty drinking. They cannot drink.,child,"[""diarrhoea""]",4,true,"[""cannot_drink""]",very weak,synthetic_team_generated,train
health_ie_0514,sw,Hali hii imeendelea tangu siku mbili zilizopita. Mimi ni mjamzito na ninatapika. Hanywi vizuri.,pregnant,"[""vomiting""]",2,true,[],,synthetic_team_generated,train
health_ie_0186,sw,Nimekuwa na homa. Hali hii imeendelea kwa takriban siku nne. Ninakohoa sana.,adult,"[""fever"", ""cough""]",4,false,[],,synthetic_team_generated,train
health_ie_1053,en,This has been going on for two days. There is difficulty drinking. I am pregnant and keep vomiting.,pregnant,"[""vomiting""]",2,true,[],,synthetic_team_generated,train
health_ie_1069,sw,Mtoto anacheza kidogo. Hali hii imeendelea leo. Mimi ni mjamzito na mtoto anacheza kidogo.,pregnant,"[""reduced_fetal_movement""]",1,false,"[""reduced_fetal_movement""]",,synthetic_team_generated,train
health_ie_1084,en,My child keeps coughing. This has been going on for four days. My child has been hot since yesterday.,child,"[""cough"", ""fever""]",4,false,[],,synthetic_team_generated,train
health_ie_0720,en,not drinking well. They are not drinking well. This has been going on for the last three days. My child has been hot since yesterday.,child,"[""fever""]",3,true,[],not drinking well,synthetic_team_generated,train
health_ie_0190,sw,Mtoto alipata degedege. had a seizure. Mtoto wangu ana homa. Hali hii imeendelea tangu siku mbili zilizopita.,child,"[""fever""]",2,false,"[""convulsions""]",had a seizure,synthetic_team_generated,train
health_ie_0914,en,This has been going on since today. My head hurts.,adult,"[""headache""]",1,false,[],,synthetic_team_generated,train
health_ie_0984,en,This has been going on since today. The abdominal pain is severe. I have belly pain during pregnancy.,pregnant,"[""abdominal_pain""]",1,false,"[""severe_abdominal_pain""]",,synthetic_team_generated,train
health_ie_0174,en,This has been going on for two days. I have a fever during pregnancy. I am pregnant and have stomach pain. There is fever.,pregnant,"[""fever"", ""abdominal_pain""]",2,false,"[""fever""]",,synthetic_team_generated,train
health_ie_0441,en,This has been going on for five days. The child has been coughing.,child,"[""cough""]",5,false,[],,synthetic_team_generated,train
health_ie_0750,sw,Hali hii imeendelea kwa takriban siku nne. Ninakohoa sana. Nina homa.,adult,"[""fever"", ""cough""]",4,false,[],,synthetic_team_generated,train
health_ie_0295,en,This has been going on for about four days. very weak. There is difficulty drinking. They are unable to drink. My child has been having diarrhoea.,child,"[""diarrhoea""]",4,true,"[""cannot_drink""]",very weak,synthetic_team_generated,train
health_ie_0670,en,I have a fever during pregnancy. I have belly pain during pregnancy. This has been going on for two days. There is fever.,pregnant,"[""fever"", ""abdominal_pain""]",2,false,"[""fever""]",,synthetic_team_generated,train
health_ie_0426,en,This has been going on for about four days. My little one has been feverish. My child keeps coughing.,child,"[""cough"", ""fever""]",4,false,[],,synthetic_team_generated,train
health_ie_0537,sw,Ninatapika. Hali hii imeendelea leo. Amekuwa hanywi maji vizuri. Ninaendesha.,adult,"[""vomiting"", ""diarrhoea""]",1,true,[],,synthetic_team_generated,train
health_ie_0427,en,This has been going on for two days. My child has diarrhoea. loose stools. They have not been drinking well. My child has a fever.,child,"[""fever"", ""diarrhoea""]",2,true,[],loose stools,synthetic_team_generated,train
health_ie_0881,en,I have been vomiting. I have loose stools. This has been going on today. They are not drinking well.,adult,"[""vomiting"", ""diarrhoea""]",1,true,[],,synthetic_team_generated,train
health_ie_0792,sw,Mtoto anaonekana mchovu na dhaifu. Mtoto ana joto na ana homa. Hali hii imeendelea tangu siku tatu zilizopita. very sleepy.,child,"[""fever"", ""weakness""]",3,false,[],very sleepy,synthetic_team_generated,train
health_ie_1013,sw,Mimi ni mjamzito na nina maumivu ya kichwa. Maumivu ya kichwa ni makali. Hali hii imeendelea tangu leo. Macho yangu yanaona ukungu wakati wa ujauzito.,pregnant,"[""headache"", ""blurred_vision""]",1,false,"[""severe_headache""]",,synthetic_team_generated,train
health_ie_1132,en,This has been going on since two days ago. They have not been drinking well. loose stools. The child has loose stools. There is fever in my child.,child,"[""fever"", ""diarrhoea""]",2,true,[],loose stools,synthetic_team_generated,train
health_ie_0001,sw,Mtoto wangu anakohoa. Mtoto wangu ana homa tangu jana. Hali hii imeendelea kwa siku nne.,child,"[""cough"", ""fever""]",4,false,[],,synthetic_team_generated,train
health_ie_0913,en,This has been going on since two days ago. I have been feeling feverish.,adult,"[""fever""]",2,false,[],,synthetic_team_generated,train
health_ie_0172,en,This has been going on since two days ago. I am having trouble breathing. There is difficulty breathing. I have a cough.,adult,"[""cough"", ""breathing_difficulty""]",2,false,"[""breathing_difficulty""]",,synthetic_team_generated,train
health_ie_1017,sw,vomiting repeatedly. Mtoto wangu anatapika. Hanywi vizuri. Mtoto wangu ana homa. Hawezi kunywa vizuri. Hali hii imeendelea tangu siku mbili zilizopita.,child,"[""fever"", ""vomiting""]",2,true,"[""cannot_drink""]",vomiting repeatedly,synthetic_team_generated,train
health_ie_0826,en,This has been going on for three days. I have been unusually weak. I have been feeling feverish.,adult,"[""fever"", ""weakness""]",3,false,[],,synthetic_team_generated,train
health_ie_0715,en,very weak. This has been going on for three days. They cannot drink. There is fever in my child. My child seems very weak. The child keeps throwing up. There is difficulty drinking.,child,"[""fever"", ""vomiting"", ""weakness""]",3,true,"[""cannot_drink""]",very weak,synthetic_team_generated,train
health_ie_0843,sw,not drinking well. Mtoto wangu ana homa. Amekuwa hanywi maji vizuri. Hali hii imeendelea kwa siku tatu.,child,"[""fever""]",3,true,[],not drinking well,synthetic_team_generated,train
health_ie_0956,en,I am vomiting. This has been going on since two days ago. I have been unusually weak. There is difficulty drinking.,adult,"[""vomiting"", ""weakness""]",2,true,[],,synthetic_team_generated,train
health_ie_0214,en,This has been going on for two days. I am pregnant and have stomach pain. I have a fever during pregnancy. There is fever.,pregnant,"[""fever"", ""abdominal_pain""]",2,false,"[""fever""]",,synthetic_team_generated,train
health_ie_0766,en,I am pregnant and feel very tired. This has been going on for five days.,pregnant,"[""fatigue""]",5,false,[],,synthetic_team_generated,train
health_ie_0275,en,I am pregnant and have been vomiting. They are not drinking well. This has been going on for two days.,pregnant,"[""vomiting""]",2,true,[],,synthetic_team_generated,train
health_ie_0146,en,My vision is blurred. My head hurts. This has been going on for one day. My vision is blurred.,adult,"[""headache"", ""blurred_vision""]",1,false,"[""blurred_vision""]",,synthetic_team_generated,train
health_ie_0352,en,My vision is blurred while I am pregnant. I have a headache while pregnant. The headache is severe. This has been going on today.,pregnant,"[""headache"", ""blurred_vision""]",1,false,"[""severe_headache""]",,synthetic_team_generated,train
health_ie_0816,en,The water may have broken early. I think my water is leaking during pregnancy. This has been going on since today.,pregnant,"[""fluid_loss""]",1,false,"[""water_breaking_early""]",,synthetic_team_generated,train
health_ie_1074,sw,Hali hii imeendelea kwa siku tatu. Ninahisi dhaifu sana. Nina homa.,adult,"[""fever"", ""weakness""]",3,false,[],,synthetic_team_generated,train
health_ie_0586,en,This has been going on for two days. There were convulsions. had a seizure. My little one has been feverish.,child,"[""fever""]",2,false,"[""convulsions""]",had a seizure,synthetic_team_generated,train
health_ie_1139,sw,Hali hii imeendelea kwa siku mbili. Ninahisi uchovu na udhaifu. Hanywi vizuri. Nimekuwa nikitapika.,adult,"[""vomiting"", ""weakness""]",2,true,[],,synthetic_team_generated,train
health_ie_0111,sw,Hali hii imeendelea tangu leo. Maji ya uzazi yanaweza kuwa yametoka mapema. Mimi ni mjamzito na naona maji yanatoka mapema.,pregnant,"[""fluid_loss""]",1,false,"[""water_breaking_early""]",,synthetic_team_generated,train
health_ie_1189,sw,Hali hii imeendelea tangu leo. Mtoto anacheza kidogo. Mtoto tumboni anacheza kidogo kuliko kawaida.,pregnant,"[""reduced_fetal_movement""]",1,false,"[""reduced_fetal_movement""]",,synthetic_team_generated,train
health_ie_0745,en,had a seizure. My child has been hot since yesterday. The child had a seizure. This has been going on for two days.,child,"[""fever""]",2,false,"[""convulsions""]",had a seizure,synthetic_team_generated,train
health_ie_0770,en,I am pregnant and feel very tired. This has been going on for nearly five days.,pregnant,"[""fatigue""]",5,false,[],,synthetic_team_generated,train
health_ie_1027,en,The baby is moving less. This has been going on since today. I am pregnant and the baby is moving less.,pregnant,"[""reduced_fetal_movement""]",1,false,"[""reduced_fetal_movement""]",,synthetic_team_generated,train
health_ie_0751,en,There is difficulty breathing. This has been going on since two days ago. I have a cough. I find it hard to breathe.,adult,"[""cough"", ""breathing_difficulty""]",2,false,"[""breathing_difficulty""]",,synthetic_team_generated,train
health_ie_1141,en,This has been going on for five days. I am pregnant and feel very tired.,pregnant,"[""fatigue""]",5,false,[],,synthetic_team_generated,train
health_ie_1082,sw,Mimi ni mjamzito na mtoto anacheza kidogo. Hali hii imeendelea tangu leo. Mtoto anacheza kidogo.,pregnant,"[""reduced_fetal_movement""]",1,false,"[""reduced_fetal_movement""]",,synthetic_team_generated,train
health_ie_0391,en,There were convulsions. This has been going on for two days. My child has been hot since yesterday. had a seizure.,child,"[""fever""]",2,false,"[""convulsions""]",had a seizure,synthetic_team_generated,train
health_ie_0674,sw,Maji ya uzazi yanaweza kuwa yametoka mapema. Hali hii imeendelea tangu leo. Nadhani maji ya uzazi yanavuja wakati wa ujauzito.,pregnant,"[""fluid_loss""]",1,false,"[""water_breaking_early""]",,synthetic_team_generated,train
health_ie_0545,en,I have stomach pain. This has been going on for three days.,adult,"[""abdominal_pain""]",3,false,[],,synthetic_team_generated,train
health_ie_0917,en,not drinking well. There is difficulty drinking. The child feels hot and has a fever. This has been going on for three days.,child,"[""fever""]",3,true,[],not drinking well,synthetic_team_generated,train
health_ie_0309,en,vomiting repeatedly. My child has been hot since yesterday. This has been going on since two days ago. My child is vomiting. They are not drinking well. They cannot drink.,child,"[""fever"", ""vomiting""]",2,true,"[""cannot_drink""]",vomiting repeatedly,synthetic_team_generated,train
health_ie_0708,en,I have a fever. I feel tired and weak. This has been going on for three days.,adult,"[""fever"", ""weakness""]",3,false,[],,synthetic_team_generated,train
health_ie_0258,sw,Hali hii imeendelea tangu leo. Maumivu ya tumbo ni makali. Nina maumivu ya tumbo wakati wa ujauzito.,pregnant,"[""abdominal_pain""]",1,false,"[""severe_abdominal_pain""]",,synthetic_team_generated,train
health_ie_0951,en,This has been going on for one day. There is fever in my child.,child,"[""fever""]",1,false,[],,synthetic_team_generated,train
health_ie_1169,en,This has been going on since today. The headache is severe. I am pregnant and have a headache. I am pregnant and seeing blurry.,pregnant,"[""headache"", ""blurred_vision""]",1,false,"[""severe_headache""]",,synthetic_team_generated,train
health_ie_0433,en,The baby is moving less. This has been going on since today. The baby is moving less than usual.,pregnant,"[""reduced_fetal_movement""]",1,false,"[""reduced_fetal_movement""]",,synthetic_team_generated,train
health_ie_0193,sw,Mtoto wangu ana homa. Hali hii imeendelea tangu siku mbili zilizopita. Amepata degedege. had a seizure.,child,"[""fever""]",2,false,"[""convulsions""]",had a seizure,synthetic_team_generated,train
health_ie_0530,en,The baby is moving less. This has been going on since today. I am pregnant and the baby is moving less.,pregnant,"[""reduced_fetal_movement""]",1,false,"[""reduced_fetal_movement""]",,synthetic_team_generated,train
health_ie_0082,en,This has been going on for five days. My child keeps coughing.,child,"[""cough""]",5,false,[],,synthetic_team_generated,validation
health_ie_0600,en,My child has been sick and vomiting. very weak. They cannot drink. My child has been hot since yesterday. There is difficulty drinking. The child is unusually tired and weak. This has been going on for three days.,child,"[""fever"", ""vomiting"", ""weakness""]",3,true,"[""cannot_drink""]",very weak,synthetic_team_generated,validation
health_ie_0868,sw,Hali hii imeendelea kwa siku moja. Maji ya uzazi yanaweza kuwa yametoka mapema. Mimi ni mjamzito na naona maji yanatoka mapema.,pregnant,"[""fluid_loss""]",1,false,"[""water_breaking_early""]",,synthetic_team_generated,validation
health_ie_0969,en,I have been unusually weak. This has been going on for five days.,adult,"[""weakness""]",5,false,[],,synthetic_team_generated,validation
health_ie_0907,en,had a seizure. My child has a fever. This has been going on for two days. The child had a seizure.,child,"[""fever""]",2,false,"[""convulsions""]",had a seizure,synthetic_team_generated,validation
health_ie_0728,sw,Hali hii imeendelea kwa siku nne. Mtoto ana joto na ana homa. Mtoto amekuwa akikohoa.,child,"[""cough"", ""fever""]",4,false,[],,synthetic_team_generated,validation
health_ie_0659,en,My head hurts. I am seeing blurry. My vision is blurred. This has been going on since today.,adult,"[""headache"", ""blurred_vision""]",1,false,"[""blurred_vision""]",,synthetic_team_generated,validation
health_ie_0094,en,The baby is moving less. I am pregnant and the baby is moving less. This has been going on today.,pregnant,"[""reduced_fetal_movement""]",1,false,"[""reduced_fetal_movement""]",,synthetic_team_generated,validation
health_ie_0891,en,My child has a cough. My child has a fever. This has been going on for about four days.,child,"[""cough"", ""fever""]",4,false,[],,synthetic_team_generated,validation
health_ie_0119,en,had a seizure. The child had a seizure. This has been going on for two days. There is fever in my child.,child,"[""fever""]",2,false,"[""convulsions""]",had a seizure,synthetic_team_generated,validation
health_ie_0012,en,This has been going on for nearly five days. The child has been coughing.,child,"[""cough""]",5,false,[],,synthetic_team_generated,validation
health_ie_0165,sw,Hali hii imeendelea tangu siku mbili zilizopita. Mimi ni mjamzito na ninatapika. Hanywi vizuri.,pregnant,"[""vomiting""]",2,true,[],,synthetic_team_generated,validation
health_ie_1030,en,There is fever. I have belly pain during pregnancy. I have a fever during pregnancy. This has been going on since two days ago.,pregnant,"[""fever"", ""abdominal_pain""]",2,false,"[""fever""]",,synthetic_team_generated,validation
health_ie_0592,sw,Mimi ni mjamzito na nimechoka sana. Hali hii imeendelea kwa karibu siku tano.,pregnant,"[""fatigue""]",5,false,[],,synthetic_team_generated,validation
health_ie_0616,sw,Hali hii imeendelea tangu siku mbili zilizopita. Mtoto wangu amekuwa akiharisha. Hanywi vizuri. Mtoto wangu ana homa tangu jana. loose stools.,child,"[""fever"", ""diarrhoea""]",2,true,[],loose stools,synthetic_team_generated,validation
health_ie_0253,sw,Macho yangu hayaoni vizuri naona ukungu. Nina maumivu ya kichwa. Naona ukungu. Hali hii imeendelea leo.,adult,"[""headache"", ""blurred_vision""]",1,false,"[""blurred_vision""]",,synthetic_team_generated,validation
health_ie_0260,en,This has been going on today. There is difficulty drinking. I have loose stools. I keep throwing up.,adult,"[""vomiting"", ""diarrhoea""]",1,true,[],,synthetic_team_generated,validation
health_ie_0150,en,I have been unusually weak. This has been going on for nearly five days.,adult,"[""weakness""]",5,false,[],,synthetic_team_generated,validation
health_ie_0697,sw,Hali hii imeendelea tangu leo. Maji ya uzazi yanaweza kuwa yametoka mapema. Nadhani maji ya uzazi yanavuja wakati wa ujauzito.,pregnant,"[""fluid_loss""]",1,false,"[""water_breaking_early""]",,synthetic_team_generated,validation
health_ie_0466,en,This has been going on for the last three days. very weak. There is difficulty drinking. The child feels hot and has a fever. They cannot drink. My child has been sick and vomiting. My child seems very weak.,child,"[""fever"", ""vomiting"", ""weakness""]",3,true,"[""cannot_drink""]",very weak,synthetic_team_generated,validation
health_ie_0619,en,The baby is moving less. This has been going on for one day. I am pregnant and the baby is moving less.,pregnant,"[""reduced_fetal_movement""]",1,false,"[""reduced_fetal_movement""]",,synthetic_team_generated,validation
health_ie_0267,en,I have been vomiting. This has been going on for two days. They have not been drinking well. I have been unusually weak.,adult,"[""vomiting"", ""weakness""]",2,true,[],,synthetic_team_generated,validation
health_ie_0151,sw,Hali hii imeendelea leo. Nina maumivu ya kichwa.,adult,"[""headache""]",1,false,[],,synthetic_team_generated,validation
health_ie_1108,en,The abdominal pain is severe. This has been going on today. I have belly pain during pregnancy.,pregnant,"[""abdominal_pain""]",1,false,"[""severe_abdominal_pain""]",,synthetic_team_generated,validation
health_ie_0681,sw,Hali hii imeendelea leo. Mtoto wangu ana homa tangu jana.,child,"[""fever""]",1,false,[],,synthetic_team_generated,validation
health_ie_0714,en,I have a headache while pregnant. This has been going on for one day. The headache is severe. I am pregnant and seeing blurry.,pregnant,"[""headache"", ""blurred_vision""]",1,false,"[""severe_headache""]",,synthetic_team_generated,validation
health_ie_0028,en,The water may have broken early. I think my water is leaking during pregnancy. This has been going on today.,pregnant,"[""fluid_loss""]",1,false,"[""water_breaking_early""]",,synthetic_team_generated,validation
health_ie_0692,en,This has been going on for two days. I am having trouble breathing. I have been coughing. There is difficulty breathing.,adult,"[""cough"", ""breathing_difficulty""]",2,false,"[""breathing_difficulty""]",,synthetic_team_generated,validation
health_ie_0723,sw,Hali hii imeendelea tangu leo. Mtoto anacheza kidogo. Mimi ni mjamzito na mtoto anacheza kidogo.,pregnant,"[""reduced_fetal_movement""]",1,false,"[""reduced_fetal_movement""]",,synthetic_team_generated,validation
health_ie_0646,en,loose stools. This has been going on for two days. My child has been having diarrhoea. They have not been drinking well. There is fever in my child.,child,"[""fever"", ""diarrhoea""]",2,true,[],loose stools,synthetic_team_generated,validation
health_ie_0370,en,I have a fever during pregnancy. I have belly pain during pregnancy. This has been going on since two days ago. There is fever.,pregnant,"[""fever"", ""abdominal_pain""]",2,false,"[""fever""]",,synthetic_team_generated,validation
health_ie_0832,en,This has been going on since today. I have a headache.,adult,"[""headache""]",1,false,[],,synthetic_team_generated,validation
health_ie_0035,sw,Hali hii imeendelea kwa karibu siku tano. Mimi ni mjamzito na nimechoka sana.,pregnant,"[""fatigue""]",5,false,[],,synthetic_team_generated,validation
health_ie_0489,sw,Amekuwa hanywi maji vizuri. Hali hii imeendelea kwa siku tatu. Mtoto ana joto na ana homa. not drinking well.,child,"[""fever""]",3,true,[],not drinking well,synthetic_team_generated,validation
health_ie_0248,sw,Kichwa changu kinauma. Hali hii imeendelea leo.,adult,"[""headache""]",1,false,[],,synthetic_team_generated,validation
health_ie_0252,en,This has been going on today. I am bleeding. There is bleeding.,adult,"[""bleeding""]",1,false,"[""bleeding""]",,synthetic_team_generated,validation
health_ie_0753,sw,Amekuwa hanywi maji vizuri. Ninatapika. Nimekuwa dhaifu. Hali hii imeendelea tangu siku mbili zilizopita.,adult,"[""vomiting"", ""weakness""]",2,true,[],,synthetic_team_generated,validation
health_ie_0985,sw,Anapata shida ya kupumua. Mtoto amekuwa akikohoa. Hali hii imeendelea kwa siku moja. Mtoto anapumua kwa shida.,child,"[""breathing_difficulty"", ""cough""]",1,false,"[""breathing_difficulty""]",,synthetic_team_generated,validation
health_ie_0898,en,There is fever in my child. My child keeps coughing. This has been going on for four days.,child,"[""cough"", ""fever""]",4,false,[],,synthetic_team_generated,validation
health_ie_0666,sw,Ninatokwa na damu. Hali hii imeendelea tangu leo. Mimi ni mjamzito na natokwa na damu.,pregnant,"[""bleeding""]",1,false,"[""bleeding""]",,synthetic_team_generated,validation
health_ie_0059,sw,Hali hii imeendelea kwa siku moja. Nadhani maji ya uzazi yanavuja wakati wa ujauzito. Maji ya uzazi yanaweza kuwa yametoka mapema.,pregnant,"[""fluid_loss""]",1,false,"[""water_breaking_early""]",,synthetic_team_generated,validation
health_ie_0713,en,I have been unusually weak. This has been going on for nearly five days.,adult,"[""weakness""]",5,false,[],,synthetic_team_generated,validation
health_ie_0377,sw,Mtoto wangu amekuwa akiharisha. Mtoto ana joto na ana homa. Hali hii imeendelea tangu siku mbili zilizopita. loose stools. Amekuwa hanywi maji vizuri.,child,"[""fever"", ""diarrhoea""]",2,true,[],loose stools,synthetic_team_generated,validation
health_ie_0705,en,The child feels hot and has a fever. This has been going on for one day.,child,"[""fever""]",1,false,[],,synthetic_team_generated,validation
health_ie_0977,en,The baby is moving less. This has been going on for one day. The baby is moving less than usual.,pregnant,"[""reduced_fetal_movement""]",1,false,"[""reduced_fetal_movement""]",,synthetic_team_generated,validation
health_ie_0500,sw,Nina maumivu ya tumbo. Hali hii imeendelea kwa siku tatu.,adult,"[""abdominal_pain""]",3,false,[],,synthetic_team_generated,validation
health_ie_0726,en,This has been going on since today. I am pregnant and my water may have broken early. The water may have broken early.,pregnant,"[""fluid_loss""]",1,false,"[""water_breaking_early""]",,synthetic_team_generated,validation
health_ie_0521,en,I have loose stools. They are not drinking well. This has been going on for one day. I have been vomiting.,adult,"[""vomiting"", ""diarrhoea""]",1,true,[],,synthetic_team_generated,validation
health_ie_0356,en,My child has a fever. had a seizure. The child had a seizure. This has been going on since two days ago.,child,"[""fever""]",2,false,"[""convulsions""]",had a seizure,synthetic_team_generated,validation
health_ie_0739,en,The child feels hot and has a fever. very sleepy. My child seems very weak. This has been going on for the last three days.,child,"[""fever"", ""weakness""]",3,false,[],very sleepy,synthetic_team_generated,validation
health_ie_1044,en,They are not drinking well. This has been going on since two days ago. I am vomiting. I have been unusually weak.,adult,"[""vomiting"", ""weakness""]",2,true,[],,synthetic_team_generated,validation
health_ie_0789,en,loose stools. They have not been drinking well. My child has diarrhoea. This has been going on for one day.,child,"[""diarrhoea""]",1,true,[],loose stools,synthetic_team_generated,validation
health_ie_0261,sw,Ana homa. Hali hii imeendelea kwa siku mbili. Mimi ni mjamzito na tumbo linauma. Nina homa wakati wa ujauzito.,pregnant,"[""fever"", ""abdominal_pain""]",2,false,"[""fever""]",,synthetic_team_generated,validation
health_ie_0446,sw,Hali hii imeendelea kwa siku mbili. Mtoto ana joto na ana homa. Mtoto wangu anaharisha. loose stools. Amekuwa hanywi maji vizuri.,child,"[""fever"", ""diarrhoea""]",2,true,[],loose stools,synthetic_team_generated,validation
health_ie_1080,en,This has been going on for one day. The baby is moving less. The baby is moving less than usual.,pregnant,"[""reduced_fetal_movement""]",1,false,"[""reduced_fetal_movement""]",,synthetic_team_generated,validation
health_ie_0198,en,This has been going on since two days ago. I have belly pain during pregnancy. I have a fever during pregnancy. There is fever.,pregnant,"[""fever"", ""abdominal_pain""]",2,false,"[""fever""]",,synthetic_team_generated,validation
health_ie_0166,en,There is difficulty breathing. This has been going on for one day. My child is having trouble breathing. My child has a cough.,child,"[""breathing_difficulty"", ""cough""]",1,false,"[""breathing_difficulty""]",,synthetic_team_generated,validation
health_ie_0579,sw,Naona ukungu. Hali hii imeendelea kwa siku moja. Naona ukungu. Kichwa changu kinauma.,adult,"[""headache"", ""blurred_vision""]",1,false,"[""blurred_vision""]",,synthetic_team_generated,validation
health_ie_0394,en,This has been going on for two days. I have been feeling feverish.,adult,"[""fever""]",2,false,[],,synthetic_team_generated,validation
health_ie_0127,sw,Tumbo langu linauma. Hali hii imeendelea tangu siku tatu zilizopita.,adult,"[""abdominal_pain""]",3,false,[],,synthetic_team_generated,validation
health_ie_0039,en,This has been going on for five days. I am pregnant and feel very tired.,pregnant,"[""fatigue""]",5,false,[],,synthetic_team_generated,validation
health_ie_1043,en,The child has loose stools. This has been going on for four days. They are unable to drink. very weak. They are not drinking well.,child,"[""diarrhoea""]",4,true,"[""cannot_drink""]",very weak,synthetic_team_generated,validation
health_ie_0072,en,My child has a cough. This has been going on for four days. The child feels hot and has a fever.,child,"[""cough"", ""fever""]",4,false,[],,synthetic_team_generated,validation
health_ie_1157,sw,Ninahisi uchovu na udhaifu. Hali hii imeendelea kwa siku tano.,adult,"[""weakness""]",5,false,[],,synthetic_team_generated,validation
health_ie_0656,sw,Hali hii imeendelea tangu leo. Kichwa changu kinauma.,adult,"[""headache""]",1,false,[],,synthetic_team_generated,validation
health_ie_0315,sw,Mtoto wangu anakohoa. Hali hii imeendelea kwa siku nne. Mtoto wangu ana homa tangu jana.,child,"[""cough"", ""fever""]",4,false,[],,synthetic_team_generated,validation
health_ie_0501,en,I have a fever. This has been going on for two days.,adult,"[""fever""]",2,false,[],,synthetic_team_generated,validation
health_ie_1119,en,I am pregnant and feel very tired. This has been going on for five days.,pregnant,"[""fatigue""]",5,false,[],,synthetic_team_generated,validation
health_ie_0382,en,I feel hot and have a fever. I have been unusually weak. This has been going on for the last three days.,adult,"[""fever"", ""weakness""]",3,false,[],,synthetic_team_generated,validation
health_ie_0760,en,I am pregnant and have been vomiting. They are not drinking well. This has been going on since two days ago.,pregnant,"[""vomiting""]",2,true,[],,synthetic_team_generated,validation
health_ie_0404,sw,Hali hii imeendelea kwa siku moja. Maumivu ya tumbo ni makali. Mimi ni mjamzito na tumbo linauma.,pregnant,"[""abdominal_pain""]",1,false,"[""severe_abdominal_pain""]",,synthetic_team_generated,validation
health_ie_0425,en,There is bleeding. This has been going on today. I am pregnant and I am bleeding.,pregnant,"[""bleeding""]",1,false,"[""bleeding""]",,synthetic_team_generated,validation
health_ie_0414,sw,Nimekuwa dhaifu. Hali hii imeendelea kwa karibu siku tano.,adult,"[""weakness""]",5,false,[],,synthetic_team_generated,validation
health_ie_1014,sw,Hali hii imeendelea kwa karibu siku tano. Ninahisi uchovu na udhaifu.,adult,"[""weakness""]",5,false,[],,synthetic_team_generated,validation
health_ie_0383,en,This has been going on today. I am pregnant and seeing blurry. The headache is severe. I have a headache while pregnant.,pregnant,"[""headache"", ""blurred_vision""]",1,false,"[""severe_headache""]",,synthetic_team_generated,validation
health_ie_1172,sw,Hali hii imeendelea kwa siku nne. Mtoto wangu anakohoa. Mtoto ana joto na ana homa.,child,"[""cough"", ""fever""]",4,false,[],,synthetic_team_generated,validation
health_ie_0747,sw,Nimekuwa nikitapika. Nina kuharisha. Hali hii imeendelea tangu leo. Ana shida ya kunywa.,adult,"[""vomiting"", ""diarrhoea""]",1,true,[],,synthetic_team_generated,validation
health_ie_0512,en,loose stools. My child has been having diarrhoea. They have not been drinking well. My little one has been feverish. This has been going on for two days.,child,"[""fever"", ""diarrhoea""]",2,true,[],loose stools,synthetic_team_generated,validation
health_ie_0882,en,They have not been drinking well. This has been going on for three days. The child feels hot and has a fever. not drinking well.,child,"[""fever""]",3,true,[],not drinking well,synthetic_team_generated,validation
health_ie_0013,sw,Mtoto wangu anahangaika kupumua. Mtoto wangu ana kikohozi. Hali hii imeendelea kwa siku moja. Anapata shida ya kupumua.,child,"[""breathing_difficulty"", ""cough""]",1,false,"[""breathing_difficulty""]",,synthetic_team_generated,validation
health_ie_0004,en,This has been going on for two days. I am having trouble breathing. There is difficulty breathing. I have been coughing.,adult,"[""cough"", ""breathing_difficulty""]",2,false,"[""breathing_difficulty""]",,synthetic_team_generated,validation
health_ie_1076,en,I have some bleeding. This has been going on since today. There is bleeding.,adult,"[""bleeding""]",1,false,"[""bleeding""]",,synthetic_team_generated,validation
health_ie_1152,en,This has been going on for four days. The child has been coughing. There is fever in my child.,child,"[""cough"", ""fever""]",4,false,[],,synthetic_team_generated,validation
health_ie_0200,sw,not drinking well. Hali hii imeendelea kwa siku tatu. Amekuwa hanywi maji vizuri. Mtoto ana joto na ana homa.,child,"[""fever""]",3,true,[],not drinking well,synthetic_team_generated,validation
health_ie_0480,en,This has been going on for one day. I have a headache.,adult,"[""headache""]",1,false,[],,synthetic_team_generated,validation
health_ie_0732,en,My child has been having diarrhoea. loose stools. There is difficulty drinking. This has been going on for two days. The child feels hot and has a fever.,child,"[""fever"", ""diarrhoea""]",2,true,[],loose stools,synthetic_team_generated,validation
health_ie_1170,en,I am pregnant and have a fever. This has been going on since two days ago. I am pregnant and have stomach pain. There is fever.,pregnant,"[""fever"", ""abdominal_pain""]",2,false,"[""fever""]",,synthetic_team_generated,validation
health_ie_0341,en,vomiting repeatedly. The child keeps throwing up. They have not been drinking well. They cannot drink. There is fever in my child. This has been going on for two days.,child,"[""fever"", ""vomiting""]",2,true,"[""cannot_drink""]",vomiting repeatedly,synthetic_team_generated,validation
health_ie_0073,en,This has been going on for three days. There is fever in my child. My child seems very weak. very sleepy.,child,"[""fever"", ""weakness""]",3,false,[],very sleepy,synthetic_team_generated,validation
health_ie_0972,en,I have a headache. This has been going on since today.,adult,"[""headache""]",1,false,[],,synthetic_team_generated,validation
health_ie_0983,sw,Mtoto wangu anakohoa. Hali hii imeendelea kwa siku nne. Mtoto wangu ana homa.,child,"[""cough"", ""fever""]",4,false,[],,synthetic_team_generated,validation
health_ie_0575,en,loose stools. My child has diarrhoea. There is fever in my child. They are not drinking well. This has been going on for two days.,child,"[""fever"", ""diarrhoea""]",2,true,[],loose stools,synthetic_team_generated,validation
health_ie_0384,sw,Mtoto wangu ana homa tangu jana. Hali hii imeendelea tangu siku tatu zilizopita. Hanywi vizuri. not drinking well.,child,"[""fever""]",3,true,[],not drinking well,synthetic_team_generated,validation
health_ie_0290,en,This has been going on for five days. I have been unusually weak.,adult,"[""weakness""]",5,false,[],,synthetic_team_generated,validation
health_ie_0464,en,This has been going on for five days. I feel tired and weak.,adult,"[""weakness""]",5,false,[],,synthetic_team_generated,validation
health_ie_0313,en,There is fever in my child. The child has been coughing. This has been going on for four days.,child,"[""cough"", ""fever""]",4,false,[],,synthetic_team_generated,validation
health_ie_0474,sw,Mtoto alipata degedege. had a seizure. Mtoto wangu ana homa. Hali hii imeendelea tangu siku mbili zilizopita.,child,"[""fever""]",2,false,"[""convulsions""]",had a seizure,synthetic_team_generated,validation
health_ie_0389,sw,Hali hii imeendelea kwa siku tano. Mimi ni mjamzito na nimechoka sana.,pregnant,"[""fatigue""]",5,false,[],,synthetic_team_generated,validation
health_ie_0263,en,This has been going on for five days. I have been unusually weak.,adult,"[""weakness""]",5,false,[],,synthetic_team_generated,validation
health_ie_0179,en,I have stomach pain. This has been going on for the last three days.,adult,"[""abdominal_pain""]",3,false,[],,synthetic_team_generated,validation
health_ie_0744,en,This has been going on for five days. My child keeps coughing.,child,"[""cough""]",5,false,[],,synthetic_team_generated,validation
health_ie_0566,en,My child has diarrhoea. My child has been hot since yesterday. They are not drinking well. This has been going on since two days ago. loose stools.,child,"[""fever"", ""diarrhoea""]",2,true,[],loose stools,synthetic_team_generated,validation
health_ie_1199,en,I feel tired and weak. This has been going on for five days.,adult,"[""weakness""]",5,false,[],,synthetic_team_generated,validation
health_ie_0550,sw,Kichwa changu kinauma. Macho yangu hayaoni vizuri naona ukungu. Naona ukungu. Hali hii imeendelea kwa siku moja.,adult,"[""headache"", ""blurred_vision""]",1,false,"[""blurred_vision""]",,synthetic_team_generated,validation
health_ie_0609,sw,Nimekuwa na homa. Hali hii imeendelea kwa siku nne. Ninakohoa sana.,adult,"[""fever"", ""cough""]",4,false,[],,synthetic_team_generated,validation
health_ie_0307,en,I have been unusually weak. This has been going on for five days.,adult,"[""weakness""]",5,false,[],,synthetic_team_generated,validation
health_ie_0943,sw,Mtoto wangu ana homa tangu jana. Hali hii imeendelea tangu leo.,child,"[""fever""]",1,false,[],,synthetic_team_generated,validation
health_ie_0928,en,I am pregnant and have stomach pain. This has been going on for one day. The abdominal pain is severe.,pregnant,"[""abdominal_pain""]",1,false,"[""severe_abdominal_pain""]",,synthetic_team_generated,validation
health_ie_0777,en,There is fever. This has been going on since two days ago. I am pregnant and have stomach pain. I am pregnant and have a fever.,pregnant,"[""fever"", ""abdominal_pain""]",2,false,"[""fever""]",,synthetic_team_generated,validation
health_ie_0085,sw,Ninahisi uchovu na udhaifu. Hali hii imeendelea kwa karibu siku tano.,adult,"[""weakness""]",5,false,[],,synthetic_team_generated,validation
health_ie_0874,en,This has been going on today. The child feels hot and has a fever.,child,"[""fever""]",1,false,[],,synthetic_team_generated,validation
health_ie_1101,en,My vision is blurred. My head hurts. This has been going on for one day. My vision is blurred.,adult,"[""headache"", ""blurred_vision""]",1,false,"[""blurred_vision""]",,synthetic_team_generated,validation
health_ie_0390,en,I am pregnant and keep vomiting. This has been going on for two days. There is difficulty drinking.,pregnant,"[""vomiting""]",2,true,[],,synthetic_team_generated,validation
health_ie_1184,en,This has been going on for three days. I feel hot and have a fever. I have been unusually weak.,adult,"[""fever"", ""weakness""]",3,false,[],,synthetic_team_generated,validation
health_ie_0020,en,This has been going on today. There is bleeding. I am bleeding.,adult,"[""bleeding""]",1,false,"[""bleeding""]",,synthetic_team_generated,validation
health_ie_0493,en,I am vomiting. This has been going on today. There is difficulty drinking. I have diarrhoea.,adult,"[""vomiting"", ""diarrhoea""]",1,true,[],,synthetic_team_generated,validation
health_ie_1180,en,This has been going on for three days. My belly hurts.,adult,"[""abdominal_pain""]",3,false,[],,synthetic_team_generated,validation
health_ie_1195,sw,Mimi ni mjamzito na ninatapika. Amekuwa hanywi maji vizuri. Hali hii imeendelea tangu siku mbili zilizopita.,pregnant,"[""vomiting""]",2,true,[],,synthetic_team_generated,validation
health_ie_0159,en,I have been very tired during pregnancy. This has been going on for five days.,pregnant,"[""fatigue""]",5,false,[],,synthetic_team_generated,validation
health_ie_0778,en,I am pregnant and my water may have broken early. This has been going on today. The water may have broken early.,pregnant,"[""fluid_loss""]",1,false,"[""water_breaking_early""]",,synthetic_team_generated,validation
health_ie_1145,sw,Mtoto wangu ana homa tangu jana. Amekuwa hanywi maji vizuri. Hali hii imeendelea kwa siku mbili. loose stools. Mtoto wangu amekuwa akiharisha.,child,"[""fever"", ""diarrhoea""]",2,true,[],loose stools,synthetic_team_generated,validation
health_ie_0752,sw,Mtoto ana joto na ana homa. Hali hii imeendelea kwa takriban siku nne. Mtoto wangu anakohoa.,child,"[""cough"", ""fever""]",4,false,[],,synthetic_team_generated,validation
health_ie_0624,sw,Mtoto wangu ana homa tangu jana. Mtoto wangu amekuwa akiharisha. Hali hii imeendelea tangu siku mbili zilizopita. Ana shida ya kunywa. loose stools.,child,"[""fever"", ""diarrhoea""]",2,true,[],loose stools,synthetic_team_generated,validation
health_ie_1192,en,I have been very tired during pregnancy. This has been going on for five days.,pregnant,"[""fatigue""]",5,false,[],,synthetic_team_generated,validation
health_ie_0432,sw,Nimekuwa dhaifu. Hali hii imeendelea tangu siku tatu zilizopita. Ninahisi joto na nina homa.,adult,"[""fever"", ""weakness""]",3,false,[],,synthetic_team_generated,validation
health_ie_1117,en,I keep throwing up. This has been going on since two days ago. There is difficulty drinking. I feel very weak.,adult,"[""vomiting"", ""weakness""]",2,true,[],,synthetic_team_generated,validation
health_ie_0482,en,There is bleeding. This has been going on today. I am pregnant and have vaginal bleeding.,pregnant,"[""bleeding""]",1,false,"[""bleeding""]",,synthetic_team_generated,validation
health_ie_0171,en,I have abdominal pain. This has been going on for three days.,adult,"[""abdominal_pain""]",3,false,[],,synthetic_team_generated,validation
health_ie_0386,en,This has been going on since two days ago. I am vomiting. They are not drinking well. I feel very weak.,adult,"[""vomiting"", ""weakness""]",2,true,[],,synthetic_team_generated,validation
health_ie_0407,en,My child has a fever. This has been going on for two days. There is difficulty drinking. They are unable to drink. My child has been sick and vomiting. vomiting repeatedly.,child,"[""fever"", ""vomiting""]",2,true,"[""cannot_drink""]",vomiting repeatedly,synthetic_team_generated,validation
health_ie_0368,en,This has been going on since two days ago. I am pregnant and have stomach pain. I have a fever during pregnancy. There is fever.,pregnant,"[""fever"", ""abdominal_pain""]",2,false,"[""fever""]",,synthetic_team_generated,validation
health_ie_1035,en,This has been going on since two days ago. There is fever in my child. had a seizure. There were convulsions.,child,"[""fever""]",2,false,"[""convulsions""]",had a seizure,synthetic_team_generated,validation
health_ie_0492,en,I have a headache. This has been going on today. My vision is blurred. My vision is blurred.,adult,"[""headache"", ""blurred_vision""]",1,false,"[""blurred_vision""]",,synthetic_team_generated,validation
health_ie_1154,sw,Hali hii imeendelea kwa siku moja. loose stools. Mtoto wangu anaharisha. Amekuwa hanywi maji vizuri.,child,"[""diarrhoea""]",1,true,[],loose stools,synthetic_team_generated,validation
health_ie_0883,sw,very weak. Hali hii imeendelea tangu siku tatu zilizopita. Hawezi kunywa. Ana shida ya kunywa. Mtoto wangu ana homa tangu jana. Mtoto wangu anatapika. Mtoto wangu amelala sana na ni dhaifu.,child,"[""fever"", ""vomiting"", ""weakness""]",3,true,"[""cannot_drink""]",very weak,synthetic_team_generated,validation
health_ie_0278,en,There is fever in my child. My child is very sleepy and weak. very sleepy. This has been going on for the last three days.,child,"[""fever"", ""weakness""]",3,false,[],very sleepy,synthetic_team_generated,validation
health_ie_0206,en,This has been going on since two days ago. There is fever in my child. They have not been drinking well. The child has loose stools. loose stools.,child,"[""fever"", ""diarrhoea""]",2,true,[],loose stools,synthetic_team_generated,validation
health_ie_1190,en,This has been going on for one day. They are not drinking well. The child has loose stools. loose stools.,child,"[""diarrhoea""]",1,true,[],loose stools,synthetic_team_generated,validation
health_ie_0459,en,loose stools. This has been going on today. My child has diarrhoea. They have not been drinking well.,child,"[""diarrhoea""]",1,true,[],loose stools,synthetic_team_generated,validation
health_ie_1197,en,This has been going on since two days ago. There is fever. I am pregnant and have a fever. I am pregnant and have stomach pain.,pregnant,"[""fever"", ""abdominal_pain""]",2,false,"[""fever""]",,synthetic_team_generated,validation
health_ie_0292,en,I am pregnant and keep vomiting. This has been going on since two days ago. There is difficulty drinking.,pregnant,"[""vomiting""]",2,true,[],,synthetic_team_generated,validation
health_ie_1045,en,This has been going on today. I have been having diarrhoea. There is difficulty drinking. I keep throwing up.,adult,"[""vomiting"", ""diarrhoea""]",1,true,[],,synthetic_team_generated,validation
health_ie_1057,en,This has been going on for one day. I am pregnant and seeing blurry. I am pregnant and have a headache. The headache is severe.,pregnant,"[""headache"", ""blurred_vision""]",1,false,"[""severe_headache""]",,synthetic_team_generated,validation
health_ie_0620,en,This has been going on for one day. My head hurts.,adult,"[""headache""]",1,false,[],,synthetic_team_generated,validation
health_ie_0180,sw,Hawezi kunywa. Hali hii imeendelea tangu siku tatu zilizopita. Mtoto wangu anatapika. Mtoto wangu ana homa tangu jana. very weak. Hanywi vizuri. Mtoto wangu ni dhaifu sana.,child,"[""fever"", ""vomiting"", ""weakness""]",3,true,"[""cannot_drink""]",very weak,synthetic_team_generated,validation
health_ie_0434,sw,Mtoto wangu amekuwa akitapika. vomiting repeatedly. Hali hii imeendelea tangu siku mbili zilizopita. Hawezi kunywa vizuri. Mtoto wangu ana homa. Amekuwa hanywi maji vizuri.,child,"[""fever"", ""vomiting""]",2,true,"[""cannot_drink""]",vomiting repeatedly,synthetic_team_generated,validation
health_ie_0250,sw,Hali hii imeendelea tangu siku mbili zilizopita. Mtoto wangu amekuwa akitapika. vomiting repeatedly. Mtoto wangu ana homa tangu jana. Hawezi kunywa vizuri. Amekuwa hanywi maji vizuri.,child,"[""fever"", ""vomiting""]",2,true,"[""cannot_drink""]",vomiting repeatedly,synthetic_team_generated,validation
health_ie_0202,sw,Nimekuwa dhaifu. Nina homa. Hali hii imeendelea kwa siku tatu.,adult,"[""fever"", ""weakness""]",3,false,[],,synthetic_team_generated,validation
health_ie_0738,en,I am pregnant and my water may have broken early. This has been going on today. The water may have broken early.,pregnant,"[""fluid_loss""]",1,false,"[""water_breaking_early""]",,synthetic_team_generated,validation
health_ie_0168,sw,not drinking well. Amekuwa hanywi maji vizuri. Hali hii imeendelea kwa siku tatu. Mtoto ana joto na ana homa.,child,"[""fever""]",3,true,[],not drinking well,synthetic_team_generated,validation
health_ie_0318,sw,Hali hii imeendelea kwa siku moja. Maumivu ya kichwa ni makali. Ninaumwa kichwa wakati wa ujauzito. Macho yangu yanaona ukungu wakati wa ujauzito.,pregnant,"[""headache"", ""blurred_vision""]",1,false,"[""severe_headache""]",,synthetic_team_generated,validation
health_ie_0478,en,very weak. They are unable to drink. This has been going on for about four days. They are not drinking well. The child has loose stools.,child,"[""diarrhoea""]",4,true,"[""cannot_drink""]",very weak,synthetic_team_generated,validation
health_ie_0742,en,This has been going on for the last three days. The child feels hot and has a fever. very sleepy. My child seems very weak.,child,"[""fever"", ""weakness""]",3,false,[],very sleepy,synthetic_team_generated,validation
health_ie_0436,en,I have a fever. This has been going on for about four days. I have been coughing.,adult,"[""fever"", ""cough""]",4,false,[],,synthetic_team_generated,validation
health_ie_0080,sw,Hali hii imeendelea tangu siku mbili zilizopita. Ana homa. Nina maumivu ya tumbo wakati wa ujauzito. Nina homa wakati wa ujauzito.,pregnant,"[""fever"", ""abdominal_pain""]",2,false,"[""fever""]",,synthetic_team_generated,validation
health_ie_0519,en,I am pregnant and have stomach pain. This has been going on today. The abdominal pain is severe.,pregnant,"[""abdominal_pain""]",1,false,"[""severe_abdominal_pain""]",,synthetic_team_generated,validation
health_ie_0241,en,I have belly pain during pregnancy. There is fever. I am pregnant and have a fever. This has been going on since two days ago.,pregnant,"[""fever"", ""abdominal_pain""]",2,false,"[""fever""]",,synthetic_team_generated,validation
health_ie_1006,en,They are not drinking well. They cannot drink. The child has loose stools. This has been going on for four days. very weak.,child,"[""diarrhoea""]",4,true,"[""cannot_drink""]",very weak,synthetic_team_generated,validation
health_ie_0954,sw,Hali hii imeendelea kwa karibu siku tano. Mtoto wangu ana kikohozi.,child,"[""cough""]",5,false,[],,synthetic_team_generated,validation
health_ie_0814,sw,Tumbo langu linauma. Hali hii imeendelea tangu siku tatu zilizopita.,adult,"[""abdominal_pain""]",3,false,[],,synthetic_team_generated,validation
health_ie_1112,en,I have been feeling feverish. This has been going on for three days. I feel very weak.,adult,"[""fever"", ""weakness""]",3,false,[],,synthetic_team_generated,validation
health_ie_0562,sw,Anapata shida ya kupumua. Nimekuwa nikikohoa. Ninahangaika kupumua. Hali hii imeendelea tangu siku mbili zilizopita.,adult,"[""cough"", ""breathing_difficulty""]",2,false,"[""breathing_difficulty""]",,synthetic_team_generated,validation
health_ie_0606,en,There is difficulty drinking. This has been going on since two days ago. I am pregnant and have been vomiting.,pregnant,"[""vomiting""]",2,true,[],,synthetic_team_generated,validation
health_ie_0177,sw,Naona ukungu. Kichwa changu kinauma. Hali hii imeendelea kwa siku moja. Naona ukungu.,adult,"[""headache"", ""blurred_vision""]",1,false,"[""blurred_vision""]",,synthetic_team_generated,validation
health_ie_0093,en,This has been going on for about four days. The child has loose stools. They are unable to drink. There is difficulty drinking. very weak.,child,"[""diarrhoea""]",4,true,"[""cannot_drink""]",very weak,synthetic_team_generated,validation
health_ie_0128,sw,Kichwa changu kinauma. Hali hii imeendelea leo. Macho yangu hayaoni vizuri naona ukungu. Naona ukungu.,adult,"[""headache"", ""blurred_vision""]",1,false,"[""blurred_vision""]",,synthetic_team_generated,validation
health_ie_0209,sw,Naona ukungu. Hali hii imeendelea kwa siku moja. Macho yangu hayaoni vizuri naona ukungu. Nina maumivu ya kichwa.,adult,"[""headache"", ""blurred_vision""]",1,false,"[""blurred_vision""]",,synthetic_team_generated,validation
health_ie_0960,sw,Ninachafuka na kutapika. Nimekuwa dhaifu. Hanywi vizuri. Hali hii imeendelea tangu siku mbili zilizopita.,adult,"[""vomiting"", ""weakness""]",2,true,[],,synthetic_team_generated,validation
health_ie_0144,sw,Mimi ni mjamzito na nimetapika mara nyingi. Amekuwa hanywi maji vizuri. Hali hii imeendelea kwa siku mbili.,pregnant,"[""vomiting""]",2,true,[],,synthetic_team_generated,validation
health_ie_0649,en,The abdominal pain is severe. I am pregnant and have stomach pain. This has been going on for one day.,pregnant,"[""abdominal_pain""]",1,false,"[""severe_abdominal_pain""]",,synthetic_team_generated,validation
health_ie_0053,sw,Tumbo langu linauma. Hali hii imeendelea tangu siku tatu zilizopita.,adult,"[""abdominal_pain""]",3,false,[],,synthetic_team_generated,validation
health_ie_1116,en,I have some bleeding. This has been going on for one day. There is bleeding.,adult,"[""bleeding""]",1,false,"[""bleeding""]",,synthetic_team_generated,validation
health_ie_0976,sw,Anapata shida ya kupumua. Mtoto amekuwa akikohoa. Mtoto wangu anahangaika kupumua. Hali hii imeendelea tangu leo.,child,"[""breathing_difficulty"", ""cough""]",1,false,"[""breathing_difficulty""]",,synthetic_team_generated,validation
health_ie_0071,sw,Mtoto wangu ana homa tangu jana. Hali hii imeendelea kwa siku nne. Mtoto amekuwa akikohoa.,child,"[""cough"", ""fever""]",4,false,[],,synthetic_team_generated,validation
health_ie_0503,en,The child is struggling to breathe. This has been going on for one day. My child keeps coughing. There is difficulty breathing.,child,"[""breathing_difficulty"", ""cough""]",1,false,"[""breathing_difficulty""]",,synthetic_team_generated,validation
health_ie_0890,en,I am pregnant and have a fever. This has been going on since two days ago. There is fever. I am pregnant and have stomach pain.,pregnant,"[""fever"", ""abdominal_pain""]",2,false,"[""fever""]",,synthetic_team_generated,validation
health_ie_0066,sw,Hali hii imeendelea kwa siku nne. Mtoto wangu ana kikohozi. Mtoto wangu ana homa.,child,"[""cough"", ""fever""]",4,false,[],,synthetic_team_generated,validation
health_ie_0006,sw,Hali hii imeendelea kwa siku moja. Nadhani maji ya uzazi yanavuja wakati wa ujauzito. Maji ya uzazi yanaweza kuwa yametoka mapema.,pregnant,"[""fluid_loss""]",1,false,"[""water_breaking_early""]",,synthetic_team_generated,validation
health_ie_0644,en,The abdominal pain is severe. I am pregnant and have stomach pain. This has been going on for one day.,pregnant,"[""abdominal_pain""]",1,false,"[""severe_abdominal_pain""]",,synthetic_team_generated,validation
health_ie_0452,en,This has been going on for one day. My head hurts.,adult,"[""headache""]",1,false,[],,synthetic_team_generated,validation
health_ie_1125,en,This has been going on for about four days. The child has been coughing. My child has a fever.,child,"[""cough"", ""fever""]",4,false,[],,synthetic_team_generated,test
health_ie_0329,sw,Mtoto wangu ni dhaifu sana. Mtoto wangu ana homa. Mtoto wangu amekuwa akitapika. Hali hii imeendelea kwa siku tatu. Hawezi kunywa vizuri. very weak. Hanywi vizuri.,child,"[""fever"", ""vomiting"", ""weakness""]",3,true,"[""cannot_drink""]",very weak,synthetic_team_generated,test
health_ie_0533,sw,Mtoto wangu ana homa. Hali hii imeendelea leo.,child,"[""fever""]",1,false,[],,synthetic_team_generated,test
health_ie_0781,sw,Hali hii imeendelea leo. Macho yangu hayaoni vizuri naona ukungu. Kichwa changu kinauma. Naona ukungu.,adult,"[""headache"", ""blurred_vision""]",1,false,"[""blurred_vision""]",,synthetic_team_generated,test
health_ie_0455,en,I am seeing blurry. This has been going on today. My vision is blurred. My head hurts.,adult,"[""headache"", ""blurred_vision""]",1,false,"[""blurred_vision""]",,synthetic_team_generated,test
health_ie_0508,sw,Nina homa. Hali hii imeendelea kwa takriban siku nne. Ninakohoa sana.,adult,"[""fever"", ""cough""]",4,false,[],,synthetic_team_generated,test
health_ie_0110,en,This has been going on for two days. I have a cough. There is difficulty breathing. I am struggling to breathe.,adult,"[""cough"", ""breathing_difficulty""]",2,false,"[""breathing_difficulty""]",,synthetic_team_generated,test
health_ie_0421,sw,Anapata shida ya kupumua. Ni vigumu kwangu kupumua. Nimekuwa nikikohoa. Hali hii imeendelea tangu siku mbili zilizopita.,adult,"[""cough"", ""breathing_difficulty""]",2,false,"[""breathing_difficulty""]",,synthetic_team_generated,test
health_ie_1167,en,This has been going on for two days. I feel hot and have a fever.,adult,"[""fever""]",2,false,[],,synthetic_team_generated,test
health_ie_0701,sw,Hali hii imeendelea kwa karibu siku tano. Nimekuwa mchovu sana wakati wa ujauzito.,pregnant,"[""fatigue""]",5,false,[],,synthetic_team_generated,test
health_ie_0678,sw,Mtoto wangu anahangaika kupumua. Mtoto wangu anakohoa. Anapata shida ya kupumua. Hali hii imeendelea kwa siku moja.,child,"[""breathing_difficulty"", ""cough""]",1,false,"[""breathing_difficulty""]",,synthetic_team_generated,test
health_ie_0469,en,This has been going on for two days. My child has been having diarrhoea. loose stools. My child has been hot since yesterday. They are not drinking well.,child,"[""fever"", ""diarrhoea""]",2,true,[],loose stools,synthetic_team_generated,test
health_ie_0048,en,My child is very sleepy and weak. They cannot drink. They are not drinking well. There is fever in my child. This has been going on for three days. My child has been sick and vomiting. very weak.,child,"[""fever"", ""vomiting"", ""weakness""]",3,true,"[""cannot_drink""]",very weak,synthetic_team_generated,test
health_ie_0590,en,I have been feeling feverish. This has been going on for two days.,adult,"[""fever""]",2,false,[],,synthetic_team_generated,test
health_ie_0849,sw,Mtoto wangu amekuwa akiharisha. Hali hii imeendelea tangu siku mbili zilizopita. loose stools. Ana shida ya kunywa. Mtoto wangu ana homa.,child,"[""fever"", ""diarrhoea""]",2,true,[],loose stools,synthetic_team_generated,test
health_ie_0081,en,I have diarrhoea. This has been going on for one day. They are not drinking well. I keep throwing up.,adult,"[""vomiting"", ""diarrhoea""]",1,true,[],,synthetic_team_generated,test
health_ie_0650,en,This has been going on for two days. I have a fever during pregnancy. There is fever. I have belly pain during pregnancy.,pregnant,"[""fever"", ""abdominal_pain""]",2,false,"[""fever""]",,synthetic_team_generated,test
health_ie_0569,sw,Naona ukungu. Kichwa changu kinauma. Naona ukungu. Hali hii imeendelea kwa siku moja.,adult,"[""headache"", ""blurred_vision""]",1,false,"[""blurred_vision""]",,synthetic_team_generated,test
health_ie_0274,en,This has been going on for two days. They have not been drinking well. I am pregnant and keep vomiting.,pregnant,"[""vomiting""]",2,true,[],,synthetic_team_generated,test
health_ie_0673,sw,Mtoto wangu anapata shida ya kupumua. Anapata shida ya kupumua. Mtoto wangu anakohoa. Hali hii imeendelea kwa siku moja.,child,"[""breathing_difficulty"", ""cough""]",1,false,"[""breathing_difficulty""]",,synthetic_team_generated,test
health_ie_0908,en,This has been going on for five days. I have been very tired during pregnancy.,pregnant,"[""fatigue""]",5,false,[],,synthetic_team_generated,test
health_ie_0487,en,They are not drinking well. This has been going on for two days. My child has been having diarrhoea. The child feels hot and has a fever. loose stools.,child,"[""fever"", ""diarrhoea""]",2,true,[],loose stools,synthetic_team_generated,test
health_ie_1179,en,There is fever in my child. This has been going on for the last three days. very sleepy. My child is very sleepy and weak.,child,"[""fever"", ""weakness""]",3,false,[],very sleepy,synthetic_team_generated,test
health_ie_0418,sw,Anapata shida ya kupumua. Mtoto wangu anapata shida ya kupumua. Mtoto wangu ana kikohozi. Hali hii imeendelea leo.,child,"[""breathing_difficulty"", ""cough""]",1,false,"[""breathing_difficulty""]",,synthetic_team_generated,test
health_ie_0769,en,This has been going on for the last three days. very sleepy. My child has a fever. My child seems very weak.,child,"[""fever"", ""weakness""]",3,false,[],very sleepy,synthetic_team_generated,test
health_ie_0310,sw,Macho yangu hayaoni vizuri naona ukungu. Hali hii imeendelea tangu leo. Nina maumivu ya kichwa. Naona ukungu.,adult,"[""headache"", ""blurred_vision""]",1,false,"[""blurred_vision""]",,synthetic_team_generated,test
health_ie_1130,en,I find it hard to breathe. I keep coughing. This has been going on since two days ago. There is difficulty breathing.,adult,"[""cough"", ""breathing_difficulty""]",2,false,"[""breathing_difficulty""]",,synthetic_team_generated,test
health_ie_0607,en,very weak. They have not been drinking well. The child is unusually tired and weak. My little one has been feverish. They cannot drink. The child keeps throwing up. This has been going on for three days.,child,"[""fever"", ""vomiting"", ""weakness""]",3,true,"[""cannot_drink""]",very weak,synthetic_team_generated,test
health_ie_1021,en,I keep throwing up. I have loose stools. They have not been drinking well. This has been going on since today.,adult,"[""vomiting"", ""diarrhoea""]",1,true,[],,synthetic_team_generated,test
health_ie_1128,sw,Hali hii imeendelea leo. Mimi ni mjamzito na naona maji yanatoka mapema. Maji ya uzazi yanaweza kuwa yametoka mapema.,pregnant,"[""fluid_loss""]",1,false,"[""water_breaking_early""]",,synthetic_team_generated,test
health_ie_0281,en,very sleepy. My child is very sleepy and weak. My child has been hot since yesterday. This has been going on for the last three days.,child,"[""fever"", ""weakness""]",3,false,[],very sleepy,synthetic_team_generated,test
health_ie_0122,sw,Nimekuwa nikitapika. Ninahisi uchovu na udhaifu. Hali hii imeendelea kwa siku mbili. Ana shida ya kunywa.,adult,"[""vomiting"", ""weakness""]",2,true,[],,synthetic_team_generated,test
health_ie_0162,en,This has been going on for five days. The child has been coughing.,child,"[""cough""]",5,false,[],,synthetic_team_generated,test
health_ie_0498,en,I have been very tired during pregnancy. This has been going on for nearly five days.,pregnant,"[""fatigue""]",5,false,[],,synthetic_team_generated,test
health_ie_0877,en,This has been going on for about four days. I have a fever. I keep coughing.,adult,"[""fever"", ""cough""]",4,false,[],,synthetic_team_generated,test
health_ie_0484,en,My child keeps coughing. This has been going on for five days.,child,"[""cough""]",5,false,[],,synthetic_team_generated,test
health_ie_0632,sw,Hali hii imeendelea kwa siku tano. Mtoto wangu ana kikohozi.,child,"[""cough""]",5,false,[],,synthetic_team_generated,test
health_ie_1156,sw,Hali hii imeendelea leo. Ninaendesha. Hanywi vizuri. Ninachafuka na kutapika.,adult,"[""vomiting"", ""diarrhoea""]",1,true,[],,synthetic_team_generated,test
health_ie_0043,sw,Mtoto wangu anapata shida ya kupumua. Mtoto wangu ana kikohozi. Anapata shida ya kupumua. Hali hii imeendelea tangu leo.,child,"[""breathing_difficulty"", ""cough""]",1,false,"[""breathing_difficulty""]",,synthetic_team_generated,test
health_ie_1062,en,had a seizure. There were convulsions. My child has a fever. This has been going on since two days ago.,child,"[""fever""]",2,false,"[""convulsions""]",had a seizure,synthetic_team_generated,test
health_ie_0027,en,This has been going on for three days. very weak. They are not drinking well. My child has been sick and vomiting. There is fever in my child. My child seems very weak. They are unable to drink.,child,"[""fever"", ""vomiting"", ""weakness""]",3,true,"[""cannot_drink""]",very weak,synthetic_team_generated,test
health_ie_1031,en,very sleepy. My child seems very weak. This has been going on for three days. My child has been hot since yesterday.,child,"[""fever"", ""weakness""]",3,false,[],very sleepy,synthetic_team_generated,test
health_ie_0476,sw,Mtoto wangu anakohoa. Hali hii imeendelea kwa siku tano.,child,"[""cough""]",5,false,[],,synthetic_team_generated,test
health_ie_1046,sw,Mtoto wangu ana homa tangu jana. Hali hii imeendelea tangu siku mbili zilizopita. Mtoto ana choo cha maji. loose stools. Amekuwa hanywi maji vizuri.,child,"[""fever"", ""diarrhoea""]",2,true,[],loose stools,synthetic_team_generated,test
health_ie_0783,en,My vision is blurred. My vision is blurred. My head hurts. This has been going on today.,adult,"[""headache"", ""blurred_vision""]",1,false,"[""blurred_vision""]",,synthetic_team_generated,test
health_ie_0919,en,This has been going on for the last three days. My child seems very weak. My child has been hot since yesterday. very sleepy.,child,"[""fever"", ""weakness""]",3,false,[],very sleepy,synthetic_team_generated,test
health_ie_1160,sw,Mtoto wangu ana homa. loose stools. Mtoto wangu anaharisha. Hali hii imeendelea kwa siku mbili. Amekuwa hanywi maji vizuri.,child,"[""fever"", ""diarrhoea""]",2,true,[],loose stools,synthetic_team_generated,test
health_ie_0686,sw,Hanywi vizuri. Mtoto ana choo cha maji. very weak. Hawezi kunywa. Hali hii imeendelea kwa takriban siku nne.,child,"[""diarrhoea""]",4,true,"[""cannot_drink""]",very weak,synthetic_team_generated,test
health_ie_0138,sw,Kichwa changu kinauma. Hali hii imeendelea tangu leo.,adult,"[""headache""]",1,false,[],,synthetic_team_generated,test
health_ie_0987,sw,Hali hii imeendelea tangu siku tatu zilizopita. Tumbo langu linauma.,adult,"[""abdominal_pain""]",3,false,[],,synthetic_team_generated,test
health_ie_0651,en,My little one has been feverish. This has been going on for the last three days. very sleepy. My child seems very weak.,child,"[""fever"", ""weakness""]",3,false,[],very sleepy,synthetic_team_generated,test
health_ie_0359,en,This has been going on since today. I am pregnant and have a headache. I am pregnant and seeing blurry. The headache is severe.,pregnant,"[""headache"", ""blurred_vision""]",1,false,"[""severe_headache""]",,synthetic_team_generated,test
health_ie_0680,en,I have been very tired during pregnancy. This has been going on for five days.,pregnant,"[""fatigue""]",5,false,[],,synthetic_team_generated,test
health_ie_0272,en,The baby is moving less. The baby is moving less than usual. This has been going on for one day.,pregnant,"[""reduced_fetal_movement""]",1,false,"[""reduced_fetal_movement""]",,synthetic_team_generated,test
health_ie_0795,sw,Amekuwa hanywi maji vizuri. Hawezi kunywa vizuri. very weak. Hali hii imeendelea kwa takriban siku nne. Mtoto wangu amekuwa akiharisha.,child,"[""diarrhoea""]",4,true,"[""cannot_drink""]",very weak,synthetic_team_generated,test
health_ie_0664,en,I have loose stools. This has been going on today. They are not drinking well. I keep throwing up.,adult,"[""vomiting"", ""diarrhoea""]",1,true,[],,synthetic_team_generated,test
health_ie_0194,en,vomiting repeatedly. This has been going on since two days ago. My child is vomiting. They have not been drinking well. My child has a fever. They are unable to drink.,child,"[""fever"", ""vomiting""]",2,true,"[""cannot_drink""]",vomiting repeatedly,synthetic_team_generated,test
health_ie_0515,en,I am pregnant and have stomach pain. This has been going on for one day. The abdominal pain is severe.,pregnant,"[""abdominal_pain""]",1,false,"[""severe_abdominal_pain""]",,synthetic_team_generated,test
health_ie_0351,sw,Ana shida ya kunywa. Hali hii imeendelea tangu siku mbili zilizopita. loose stools. Mtoto ana choo cha maji. Mtoto ana joto na ana homa.,child,"[""fever"", ""diarrhoea""]",2,true,[],loose stools,synthetic_team_generated,test
health_ie_0208,en,My child has diarrhoea. This has been going on since today. They have not been drinking well. loose stools.,child,"[""diarrhoea""]",1,true,[],loose stools,synthetic_team_generated,test
health_ie_1023,sw,Mtoto wangu ana homa. not drinking well. Ana shida ya kunywa. Hali hii imeendelea tangu siku tatu zilizopita.,child,"[""fever""]",3,true,[],not drinking well,synthetic_team_generated,test
health_ie_0617,en,There is bleeding. This has been going on for one day. I am bleeding.,adult,"[""bleeding""]",1,false,"[""bleeding""]",,synthetic_team_generated,test
health_ie_0841,sw,Nina kikohozi. Hali hii imeendelea kwa takriban siku nne. Nina homa.,adult,"[""fever"", ""cough""]",4,false,[],,synthetic_team_generated,test
health_ie_0447,en,There is bleeding. This has been going on since today. I am pregnant and I am bleeding.,pregnant,"[""bleeding""]",1,false,"[""bleeding""]",,synthetic_team_generated,test
health_ie_0137,en,This has been going on today. I am pregnant and seeing blurry. The headache is severe. I am pregnant and have a headache.,pregnant,"[""headache"", ""blurred_vision""]",1,false,"[""severe_headache""]",,synthetic_team_generated,test
health_ie_0089,en,This has been going on for one day. My head hurts. My vision is blurred. I am seeing blurry.,adult,"[""headache"", ""blurred_vision""]",1,false,"[""blurred_vision""]",,synthetic_team_generated,test
health_ie_0755,sw,Mtoto tumboni anacheza kidogo kuliko kawaida. Hali hii imeendelea leo. Mtoto anacheza kidogo.,pregnant,"[""reduced_fetal_movement""]",1,false,"[""reduced_fetal_movement""]",,synthetic_team_generated,test
health_ie_0570,sw,Hali hii imeendelea kwa siku nne. Nina homa. Ninakohoa sana.,adult,"[""fever"", ""cough""]",4,false,[],,synthetic_team_generated,test
health_ie_0135,en,This has been going on for three days. I have abdominal pain.,adult,"[""abdominal_pain""]",3,false,[],,synthetic_team_generated,test
health_ie_0450,sw,Mimi ni mjamzito na nina maumivu ya kichwa. Macho yangu yanaona ukungu wakati wa ujauzito. Hali hii imeendelea tangu leo. Maumivu ya kichwa ni makali.,pregnant,"[""headache"", ""blurred_vision""]",1,false,"[""severe_headache""]",,synthetic_team_generated,test
health_ie_0939,sw,Hali hii imeendelea kwa karibu siku tano. Mtoto wangu anakohoa.,child,"[""cough""]",5,false,[],,synthetic_team_generated,test
health_ie_0435,en,I have a fever. This has been going on for two days.,adult,"[""fever""]",2,false,[],,synthetic_team_generated,test
health_ie_0797,sw,Mimi ni mjamzito na ninatokwa damu. Hali hii imeendelea kwa siku moja. Ninatokwa na damu.,pregnant,"[""bleeding""]",1,false,"[""bleeding""]",,synthetic_team_generated,test
health_ie_0024,sw,Hali hii imeendelea leo. Mtoto wangu ana homa tangu jana.,child,"[""fever""]",1,false,[],,synthetic_team_generated,test
health_ie_0647,en,I have belly pain during pregnancy. This has been going on since today. The abdominal pain is severe.,pregnant,"[""abdominal_pain""]",1,false,"[""severe_abdominal_pain""]",,synthetic_team_generated,test
health_ie_0823,en,This has been going on today. I am pregnant and the baby is moving less. The baby is moving less.,pregnant,"[""reduced_fetal_movement""]",1,false,"[""reduced_fetal_movement""]",,synthetic_team_generated,test
health_ie_0030,en,This has been going on for two days. I have a fever.,adult,"[""fever""]",2,false,[],,synthetic_team_generated,test
health_ie_0355,sw,Mtoto anapumua kwa shida. Hali hii imeendelea leo. Mtoto wangu anakohoa. Anapata shida ya kupumua.,child,"[""breathing_difficulty"", ""cough""]",1,false,"[""breathing_difficulty""]",,synthetic_team_generated,test
health_ie_0662,en,The headache is severe. My vision is blurred while I am pregnant. I have a headache while pregnant. This has been going on today.,pregnant,"[""headache"", ""blurred_vision""]",1,false,"[""severe_headache""]",,synthetic_team_generated,test
health_ie_0730,en,I have been very tired during pregnancy. This has been going on for five days.,pregnant,"[""fatigue""]",5,false,[],,synthetic_team_generated,test
health_ie_0216,sw,Hali hii imeendelea kwa siku tatu. Nina homa. Ninahisi uchovu na udhaifu.,adult,"[""fever"", ""weakness""]",3,false,[],,synthetic_team_generated,test
health_ie_0437,en,There is difficulty breathing. This has been going on since two days ago. I have been coughing. I find it hard to breathe.,adult,"[""cough"", ""breathing_difficulty""]",2,false,"[""breathing_difficulty""]",,synthetic_team_generated,test
health_ie_0475,en,My little one has been feverish. This has been going on for one day.,child,"[""fever""]",1,false,[],,synthetic_team_generated,test
health_ie_0247,en,There is difficulty breathing. This has been going on for two days. I keep coughing. I am struggling to breathe.,adult,"[""cough"", ""breathing_difficulty""]",2,false,"[""breathing_difficulty""]",,synthetic_team_generated,test
health_ie_0876,sw,Mtoto wangu anakohoa. Hali hii imeendelea kwa siku moja. Mtoto wangu anapata shida ya kupumua. Anapata shida ya kupumua.,child,"[""breathing_difficulty"", ""cough""]",1,false,"[""breathing_difficulty""]",,synthetic_team_generated,test
health_ie_0809,en,I am bleeding. There is bleeding. This has been going on today.,adult,"[""bleeding""]",1,false,"[""bleeding""]",,synthetic_team_generated,test
health_ie_1191,sw,Hali hii imeendelea tangu siku tatu zilizopita. Tumbo langu linauma.,adult,"[""abdominal_pain""]",3,false,[],,synthetic_team_generated,test
health_ie_0388,en,This has been going on for the last three days. I have abdominal pain.,adult,"[""abdominal_pain""]",3,false,[],,synthetic_team_generated,test
health_ie_0660,sw,Mtoto wangu ana homa. Mtoto anatapika mara kwa mara. Hali hii imeendelea kwa siku tatu. Amekuwa hanywi maji vizuri. Hawezi kunywa. Mtoto wangu amelala sana na ni dhaifu. very weak.,child,"[""fever"", ""vomiting"", ""weakness""]",3,true,"[""cannot_drink""]",very weak,synthetic_team_generated,test
health_ie_1174,en,My child is vomiting. They are not drinking well. My child has been hot since yesterday. They are unable to drink. vomiting repeatedly. This has been going on since two days ago.,child,"[""fever"", ""vomiting""]",2,true,"[""cannot_drink""]",vomiting repeatedly,synthetic_team_generated,test
health_ie_0220,en,There is bleeding. I am pregnant and I am bleeding. This has been going on since today.,pregnant,"[""bleeding""]",1,false,"[""bleeding""]",,synthetic_team_generated,test
health_ie_1049,sw,Hali hii imeendelea kwa siku tatu. Tumbo langu linauma.,adult,"[""abdominal_pain""]",3,false,[],,synthetic_team_generated,test
health_ie_0851,sw,Nimekuwa nikikohoa. Hali hii imeendelea kwa siku mbili. Ninahangaika kupumua. Anapata shida ya kupumua.,adult,"[""cough"", ""breathing_difficulty""]",2,false,"[""breathing_difficulty""]",,synthetic_team_generated,test
health_ie_0090,en,I am vomiting. This has been going on for one day. I have loose stools. They have not been drinking well.,adult,"[""vomiting"", ""diarrhoea""]",1,true,[],,synthetic_team_generated,test
health_ie_0342,en,This has been going on today. There is bleeding during my pregnancy. There is bleeding.,pregnant,"[""bleeding""]",1,false,"[""bleeding""]",,synthetic_team_generated,test
health_ie_0343,en,This has been going on since two days ago. They have not been drinking well. vomiting repeatedly. My child has been sick and vomiting. There is fever in my child. They cannot drink.,child,"[""fever"", ""vomiting""]",2,true,"[""cannot_drink""]",vomiting repeatedly,synthetic_team_generated,test
health_ie_0197,sw,Hanywi vizuri. Hali hii imeendelea kwa siku moja. loose stools. Mtoto wangu anaharisha.,child,"[""diarrhoea""]",1,true,[],loose stools,synthetic_team_generated,test
health_ie_0451,en,very weak. This has been going on for the last three days. They cannot drink. My child has been hot since yesterday. The child keeps throwing up. They are not drinking well. The child is unusually tired and weak.,child,"[""fever"", ""vomiting"", ""weakness""]",3,true,"[""cannot_drink""]",very weak,synthetic_team_generated,test
health_ie_0129,en,This has been going on since today. The water may have broken early. I think my water is leaking during pregnancy.,pregnant,"[""fluid_loss""]",1,false,"[""water_breaking_early""]",,synthetic_team_generated,test
health_ie_0393,en,There is difficulty drinking. This has been going on for one day. My child has diarrhoea. loose stools.,child,"[""diarrhoea""]",1,true,[],loose stools,synthetic_team_generated,test
health_ie_0690,en,I have a fever. This has been going on for two days.,adult,"[""fever""]",2,false,[],,synthetic_team_generated,test
health_ie_0029,en,This has been going on for three days. My belly hurts.,adult,"[""abdominal_pain""]",3,false,[],,synthetic_team_generated,test
health_ie_0057,en,This has been going on for one day. My child has been hot since yesterday.,child,"[""fever""]",1,false,[],,synthetic_team_generated,test
health_ie_0863,sw,Hali hii imeendelea kwa siku tano. Mimi ni mjamzito na nimechoka sana.,pregnant,"[""fatigue""]",5,false,[],,synthetic_team_generated,test
health_ie_0032,en,This has been going on since today. There is difficulty breathing. The child is struggling to breathe. The child has been coughing.,child,"[""breathing_difficulty"", ""cough""]",1,false,"[""breathing_difficulty""]",,synthetic_team_generated,test
health_ie_0187,sw,Mimi ni mjamzito na nina maumivu ya kichwa. Mimi ni mjamzito na ninaona ukungu. Maumivu ya kichwa ni makali. Hali hii imeendelea tangu leo.,pregnant,"[""headache"", ""blurred_vision""]",1,false,"[""severe_headache""]",,synthetic_team_generated,test
health_ie_0409,en,This has been going on since two days ago. There is difficulty drinking. I am pregnant and keep vomiting.,pregnant,"[""vomiting""]",2,true,[],,synthetic_team_generated,test
health_ie_0488,en,I have some bleeding. This has been going on for one day. There is bleeding.,adult,"[""bleeding""]",1,false,"[""bleeding""]",,synthetic_team_generated,test
health_ie_0767,en,There is fever. This has been going on for two days. I am pregnant and have a fever. I am pregnant and have stomach pain.,pregnant,"[""fever"", ""abdominal_pain""]",2,false,"[""fever""]",,synthetic_team_generated,test
health_ie_0511,sw,Ninaumwa tumbo. Hali hii imeendelea kwa siku tatu.,adult,"[""abdominal_pain""]",3,false,[],,synthetic_team_generated,test
health_ie_0413,en,I feel hot and have a fever. This has been going on for two days.,adult,"[""fever""]",2,false,[],,synthetic_team_generated,test
health_ie_0772,en,I am bleeding. There is bleeding. This has been going on since today.,adult,"[""bleeding""]",1,false,"[""bleeding""]",,synthetic_team_generated,test
health_ie_0099,sw,Mtoto amekuwa akikohoa. Hali hii imeendelea kwa karibu siku tano.,child,"[""cough""]",5,false,[],,synthetic_team_generated,test
health_ie_0009,en,I keep coughing. This has been going on for two days. There is difficulty breathing. I am having trouble breathing.,adult,"[""cough"", ""breathing_difficulty""]",2,false,"[""breathing_difficulty""]",,synthetic_team_generated,test
health_ie_0107,en,They have not been drinking well. This has been going on for two days. I am pregnant and have been vomiting.,pregnant,"[""vomiting""]",2,true,[],,synthetic_team_generated,test
health_ie_0909,en,This has been going on today. My vision is blurred. My vision is blurred. I have a headache.,adult,"[""headache"", ""blurred_vision""]",1,false,"[""blurred_vision""]",,synthetic_team_generated,test
health_ie_0631,en,This has been going on since two days ago. I am having trouble breathing. There is difficulty breathing. I have a cough.,adult,"[""cough"", ""breathing_difficulty""]",2,false,"[""breathing_difficulty""]",,synthetic_team_generated,test
health_ie_0799,en,There is fever in my child. They are not drinking well. loose stools. This has been going on for two days. The child has loose stools.,child,"[""fever"", ""diarrhoea""]",2,true,[],loose stools,synthetic_team_generated,test
health_ie_0210,en,They are not drinking well. They cannot drink. The child has loose stools. very weak. This has been going on for about four days.,child,"[""diarrhoea""]",4,true,"[""cannot_drink""]",very weak,synthetic_team_generated,test
health_ie_1070,en,There is difficulty breathing. I keep coughing. I find it hard to breathe. This has been going on for two days.,adult,"[""cough"", ""breathing_difficulty""]",2,false,"[""breathing_difficulty""]",,synthetic_team_generated,test
health_ie_0097,en,I have a headache while pregnant. The headache is severe. I am pregnant and seeing blurry. This has been going on for one day.,pregnant,"[""headache"", ""blurred_vision""]",1,false,"[""severe_headache""]",,synthetic_team_generated,test
health_ie_0905,en,I have been feeling feverish. This has been going on since two days ago.,adult,"[""fever""]",2,false,[],,synthetic_team_generated,test
health_ie_0442,sw,Ni vigumu kwangu kupumua. Anapata shida ya kupumua. Nimekuwa nikikohoa. Hali hii imeendelea kwa siku mbili.,adult,"[""cough"", ""breathing_difficulty""]",2,false,"[""breathing_difficulty""]",,synthetic_team_generated,test
health_ie_1090,en,My child has been having diarrhoea. They are not drinking well. loose stools. This has been going on for one day.,child,"[""diarrhoea""]",1,true,[],loose stools,synthetic_team_generated,test
health_ie_0070,en,My vision is blurred. My vision is blurred. This has been going on since today. My head hurts.,adult,"[""headache"", ""blurred_vision""]",1,false,"[""blurred_vision""]",,synthetic_team_generated,test
health_ie_0443,en,This has been going on for three days. I feel tired and weak. I have been feeling feverish.,adult,"[""fever"", ""weakness""]",3,false,[],,synthetic_team_generated,test
health_ie_0364,sw,Nimekuwa na homa. Hali hii imeendelea kwa siku nne. Nimekuwa nikikohoa.,adult,"[""fever"", ""cough""]",4,false,[],,synthetic_team_generated,test
health_ie_0733,en,There were convulsions. had a seizure. My child has a fever. This has been going on since two days ago.,child,"[""fever""]",2,false,"[""convulsions""]",had a seizure,synthetic_team_generated,test
health_ie_0902,sw,Ninaumwa tumbo. Hali hii imeendelea kwa siku tatu.,adult,"[""abdominal_pain""]",3,false,[],,synthetic_team_generated,test
health_ie_0314,en,I have been vomiting. I feel very weak. They are not drinking well. This has been going on since two days ago.,adult,"[""vomiting"", ""weakness""]",2,true,[],,synthetic_team_generated,test
health_ie_0559,en,My child has been having diarrhoea. This has been going on for one day. loose stools. They have not been drinking well.,child,"[""diarrhoea""]",1,true,[],loose stools,synthetic_team_generated,test
health_ie_0022,sw,Ninahangaika kupumua. Hali hii imeendelea tangu siku mbili zilizopita. Ninakohoa sana. Anapata shida ya kupumua.,adult,"[""cough"", ""breathing_difficulty""]",2,false,"[""breathing_difficulty""]",,synthetic_team_generated,test
health_ie_0158,en,They have not been drinking well. This has been going on since two days ago. I am pregnant and have been vomiting.,pregnant,"[""vomiting""]",2,true,[],,synthetic_team_generated,test
health_ie_0344,sw,Hali hii imeendelea tangu leo. Mtoto wangu anapata shida ya kupumua. Anapata shida ya kupumua. Mtoto wangu ana kikohozi.,child,"[""breathing_difficulty"", ""cough""]",1,false,"[""breathing_difficulty""]",,synthetic_team_generated,test
health_ie_0800,en,There is difficulty drinking. This has been going on for about four days. very weak. My child has been having diarrhoea. They are unable to drink.,child,"[""diarrhoea""]",4,true,"[""cannot_drink""]",very weak,synthetic_team_generated,test
health_ie_1094,en,This has been going on for one day. My vision is blurred. My vision is blurred. I have a headache.,adult,"[""headache"", ""blurred_vision""]",1,false,"[""blurred_vision""]",,synthetic_team_generated,test
health_ie_0254,en,very weak. This has been going on for the last three days. They are not drinking well. My child has been hot since yesterday. My child seems very weak. They are unable to drink. The child keeps throwing up.,child,"[""fever"", ""vomiting"", ""weakness""]",3,true,"[""cannot_drink""]",very weak,synthetic_team_generated,test
health_ie_0602,sw,Hali hii imeendelea tangu siku mbili zilizopita. Mimi ni mjamzito na nina homa. Ana homa. Nina maumivu ya tumbo wakati wa ujauzito.,pregnant,"[""fever"", ""abdominal_pain""]",2,false,"[""fever""]",,synthetic_team_generated,test
health_ie_0362,en,I keep coughing. I have a fever. This has been going on for about four days.,adult,"[""fever"", ""cough""]",4,false,[],,synthetic_team_generated,test
health_ie_0205,en,My head hurts. This has been going on today.,adult,"[""headache""]",1,false,[],,synthetic_team_generated,test
health_ie_0036,en,I feel tired and weak. I have a fever. This has been going on for three days.,adult,"[""fever"", ""weakness""]",3,false,[],,synthetic_team_generated,test
health_ie_0349,en,My child seems very weak. This has been going on for the last three days. They are unable to drink. They are not drinking well. There is fever in my child. The child keeps throwing up. very weak.,child,"[""fever"", ""vomiting"", ""weakness""]",3,true,"[""cannot_drink""]",very weak,synthetic_team_generated,test
health_ie_0330,sw,Mtoto amekuwa akikohoa. Hali hii imeendelea kwa siku tano.,child,"[""cough""]",5,false,[],,synthetic_team_generated,test
health_ie_0571,sw,Maumivu ya kichwa ni makali. Hali hii imeendelea leo. Macho yangu yanaona ukungu wakati wa ujauzito. Ninaumwa kichwa wakati wa ujauzito.,pregnant,"[""headache"", ""blurred_vision""]",1,false,"[""severe_headache""]",,synthetic_team_generated,test
health_ie_0964,en,I am struggling to breathe. I have a cough. This has been going on since two days ago. There is difficulty breathing.,adult,"[""cough"", ""breathing_difficulty""]",2,false,"[""breathing_difficulty""]",,synthetic_team_generated,test
health_ie_0287,en,I keep coughing. I am having trouble breathing. This has been going on for two days. There is difficulty breathing.,adult,"[""cough"", ""breathing_difficulty""]",2,false,"[""breathing_difficulty""]",,synthetic_team_generated,test
health_ie_0896,en,They are not drinking well. This has been going on since today. I have been having diarrhoea. I am vomiting.,adult,"[""vomiting"", ""diarrhoea""]",1,true,[],,synthetic_team_generated,test
health_ie_0496,sw,Nina maumivu ya kichwa. Hali hii imeendelea leo. Naona ukungu. Macho yangu hayaoni vizuri naona ukungu.,adult,"[""headache"", ""blurred_vision""]",1,false,"[""blurred_vision""]",,synthetic_team_generated,test
health_ie_1123,sw,Hali hii imeendelea kwa siku tano. Ninahisi dhaifu sana.,adult,"[""weakness""]",5,false,[],,synthetic_team_generated,test
health_ie_0169,en,They have not been drinking well. I am vomiting. This has been going on since two days ago. I feel very weak.,adult,"[""vomiting"", ""weakness""]",2,true,[],,synthetic_team_generated,test
health_ie_0139,sw,loose stools. Amekuwa hanywi maji vizuri. Mtoto ana choo cha maji. Hali hii imeendelea kwa siku moja.,child,"[""diarrhoea""]",1,true,[],loose stools,synthetic_team_generated,test
health_ie_0944,sw,Hali hii imeendelea kwa siku tatu. Hawezi kunywa. Mtoto wangu amelala sana na ni dhaifu. Mtoto wangu amekuwa akitapika. very weak. Amekuwa hanywi maji vizuri. Mtoto wangu ana homa tangu jana.,child,"[""fever"", ""vomiting"", ""weakness""]",3,true,"[""cannot_drink""]",very weak,synthetic_team_generated,test
health_ie_0992,en,The abdominal pain is severe. I am pregnant and have stomach pain. This has been going on since today.,pregnant,"[""abdominal_pain""]",1,false,"[""severe_abdominal_pain""]",,synthetic_team_generated,test
health_ie_0950,en,This has been going on for nearly five days. The child has been coughing.,child,"[""cough""]",5,false,[],,synthetic_team_generated,test
health_ie_0669,sw,Mtoto ana joto na ana homa. Hali hii imeendelea tangu leo.,child,"[""fever""]",1,false,[],,synthetic_team_generated,test
health_ie_0279,en,I am pregnant and feel very tired. This has been going on for nearly five days.,pregnant,"[""fatigue""]",5,false,[],,synthetic_team_generated,test
health_ie_0234,sw,Hali hii imeendelea tangu leo. Mtoto anapumua kwa shida. Mtoto amekuwa akikohoa. Anapata shida ya kupumua.,child,"[""breathing_difficulty"", ""cough""]",1,false,"[""breathing_difficulty""]",,synthetic_team_generated,test
health_ie_0513,en,The child has been coughing. This has been going on for about four days. There is fever in my child.,child,"[""cough"", ""fever""]",4,false,[],,synthetic_team_generated,test
health_ie_0021,en,This has been going on today. There is difficulty drinking. My child has been having diarrhoea. loose stools.,child,"[""diarrhoea""]",1,true,[],loose stools,synthetic_team_generated,test
health_ie_0077,sw,Hali hii imeendelea kwa siku moja. Nina maumivu ya tumbo wakati wa ujauzito. Maumivu ya tumbo ni makali.,pregnant,"[""abdominal_pain""]",1,false,"[""severe_abdominal_pain""]",,synthetic_team_generated,test
health_ie_0812,en,I have been very tired during pregnancy. This has been going on for five days.,pregnant,"[""fatigue""]",5,false,[],,synthetic_team_generated,test
health_ie_0398,en,This has been going on for three days. My little one has been feverish. My child is very sleepy and weak. very sleepy.,child,"[""fever"", ""weakness""]",3,false,[],very sleepy,synthetic_team_generated,test
health_ie_0817,sw,Mtoto wangu amekuwa akiharisha. Hali hii imeendelea leo. Hanywi vizuri. loose stools.,child,"[""diarrhoea""]",1,true,[],loose stools,synthetic_team_generated,test
health_ie_0703,sw,Mtoto wangu ana kikohozi. Hali hii imeendelea kwa karibu siku tano.,child,"[""cough""]",5,false,[],,synthetic_team_generated,test
health_ie_0780,en,This has been going on for three days. very sleepy. My child has been hot since yesterday. My child is very sleepy and weak.,child,"[""fever"", ""weakness""]",3,false,[],very sleepy,synthetic_team_generated,test
health_ie_0945,sw,Hali hii imeendelea kwa siku tatu. Ninahisi dhaifu sana. Ninahisi joto na nina homa.,adult,"[""fever"", ""weakness""]",3,false,[],,synthetic_team_generated,test
health_ie_0149,en,There is difficulty drinking. I have diarrhoea. I have been vomiting. This has been going on for one day.,adult,"[""vomiting"", ""diarrhoea""]",1,true,[],,synthetic_team_generated,test
health_ie_0054,en,This has been going on for four days. I have been coughing. I feel hot and have a fever.,adult,"[""fever"", ""cough""]",4,false,[],,synthetic_team_generated,test
health_ie_0946,en,My child is very sleepy and weak. The child feels hot and has a fever. They are unable to drink. They are not drinking well. The child keeps throwing up. very weak. This has been going on for three days.,child,"[""fever"", ""vomiting"", ""weakness""]",3,true,"[""cannot_drink""]",very weak,synthetic_team_generated,test
health_ie_0091,en,My vision is blurred. My head hurts. I am seeing blurry. This has been going on today.,adult,"[""headache"", ""blurred_vision""]",1,false,"[""blurred_vision""]",,synthetic_team_generated,test
health_ie_1036,en,I have a headache. This has been going on since today. I am seeing blurry. My vision is blurred.,adult,"[""headache"", ""blurred_vision""]",1,false,"[""blurred_vision""]",,synthetic_team_generated,test
health_ie_0424,sw,Hali hii imeendelea kwa siku tatu. Mtoto wangu amelala sana na ni dhaifu. Hanywi vizuri. Hawezi kunywa. Mtoto wangu amekuwa akitapika. very weak. Mtoto wangu ana homa.,child,"[""fever"", ""vomiting"", ""weakness""]",3,true,"[""cannot_drink""]",very weak,synthetic_team_generated,test
health_ie_0517,sw,Hanywi vizuri. Mtoto wangu amekuwa akiharisha. Hali hii imeendelea leo. loose stools.,child,"[""diarrhoea""]",1,true,[],loose stools,synthetic_team_generated,test
health_ie_0337,en,My little one has been feverish. This has been going on for one day.,child,"[""fever""]",1,false,[],,synthetic_team_generated,test
health_ie_0923,en,My belly hurts. This has been going on for three days.,adult,"[""abdominal_pain""]",3,false,[],,synthetic_team_generated,test
health_ie_0839,sw,Mtoto anaonekana mchovu na dhaifu. Mtoto wangu ana homa. Hali hii imeendelea tangu siku tatu zilizopita. very sleepy.,child,"[""fever"", ""weakness""]",3,false,[],very sleepy,synthetic_team_generated,test
health_ie_0667,en,This has been going on today. I am pregnant and the baby is moving less. The baby is moving less.,pregnant,"[""reduced_fetal_movement""]",1,false,"[""reduced_fetal_movement""]",,synthetic_team_generated,test
health_ie_1033,sw,Mtoto ana choo cha maji. Hanywi vizuri. very weak. Hawezi kunywa. Hali hii imeendelea kwa siku nne.,child,"[""diarrhoea""]",4,true,"[""cannot_drink""]",very weak,synthetic_team_generated,test
health_ie_0215,en,I have been feeling feverish. This has been going on for about four days. I have been coughing.,adult,"[""fever"", ""cough""]",4,false,[],,synthetic_team_generated,test
health_ie_0156,sw,Hali hii imeendelea tangu leo. Ana shida ya kunywa. loose stools. Mtoto wangu anaharisha.,child,"[""diarrhoea""]",1,true,[],loose stools,synthetic_team_generated,test
